Title,Company,Location,Salary_Min,Salary_Max,Salary_Avg,Salary_Is_Predicted,Category,Description,URL
Data Analyst / Senior Data Analyst,The Great & The Good,"London, UK",45000.0,55000.0,55000.0,0,"PR, Advertising & Marketing Jobs","Opportunity for an experienced Data Analyst / Senior Data Analyst to join an exceptional creative agency - one of the most awarded in the world - and take a deep dive into the detail of a major automotive brand (including electric vehicles). Working within a specialist data & insights team, your role will broadly involve: Analysing, measuring and interpreting super-interesting, complex reports across a blend of consumer behaviour, market trends and real-time sales data Identifying key insights …",https://www.adzuna.co.uk/jobs/land/ad/5197622543?se=cl6Hqi0z8BGi5qo2_LWCew&utm_medium=api&utm_source=25f3af84&v=15853D35D5C7680EFA205DF0A91981F866D3C1B6
Data Analyst,Morson Talent,"Baginton, Coventry",65000.0,91000.0,91000.0,0,IT Jobs,"Data Analyst 3 Month contract Inside IR35 Rates between £250-£350 per day Hybrid working from one of the regional offices based in East Midlands, Derbyshire, Birmingham or Shropshire. Can be fully remote. We are currently looking to recruit for 2 x Data Analysts for our client who are a major UK Water company. This will be working within the Capital & Commercial Services sustainability team with the aim of supporting the Engineering Design & Delivery Team in driving low carbon solutions for the…",https://www.adzuna.co.uk/jobs/land/ad/5200589486?se=cl6Hqi0z8BGi5qo2_LWCew&utm_medium=api&utm_source=25f3af84&v=DE18DA4D143219F32B842331FBDF0FC5ECEC7F4F
Data Analyst,DEBRA,"Binfield, Bracknell",45000.0,45000.0,45000.0,0,IT Jobs,"Are you a motivated and passionate individual looking to make a difference? DEBRA is recruiting for a Data Analyst to join our friendly, supportive team in our Bracknell, Head Office. Our new Data Analyst will join us on a Full Time, Permanent basis, working a contract of 35 hours per week, earning a salary of £45,000 per annum. This position requires a hybrid work model with 3 days spent in the office and 2 days working remotely. About DEBRA We are a national charity that supports individuals …",https://www.adzuna.co.uk/jobs/land/ad/5202379974?se=cl6Hqi0z8BGi5qo2_LWCew&utm_medium=api&utm_source=25f3af84&v=647FDB046B0730BF6CAC611C9AD3FB51D1C1B70B
Data Analyst,Arts & Humanities Research Council ,"Swindon, Wiltshire",35000.0,35000.0,35000.0,0,IT Jobs,"DATA ANALYST SALARY: £36,650 Per Annum HOURS: Full Time or Part Time (Minimum 0.7 FTE Per Week) CONTRACT TYPE: Open Ended (Permanent) LOCATION: Polaris House, Swindon, Wiltshire (Hybrid) CLOSING DATE: 26 May 25 TEAM INFORMATION The Portfolio Management and Insights team has a wide range or responsibilities within AHRC. The team includes the data function of AHRC which provides support and management of reporting and analysis capabilities, ensuring the organisation can draw the necessary insight…",https://www.adzuna.co.uk/jobs/land/ad/5198820835?se=cl6Hqi0z8BGi5qo2_LWCew&utm_medium=api&utm_source=25f3af84&v=9DACA7DBE7328FA03C6C27B56272DEF984E9EBB6
Data Analyst,Beiersdorf UK Ltd,"Birmingham International Airport, Birmingham",34264.53,34264.53,34264.53,1,Accounting & Finance Jobs,"At Beiersdorf, we want to help people feel good about their skin and our commitment goes far beyond caring for skin. For 140 years, we have developed innovative skin and body care products for well-known brands such as NIVEA, Eucerin and Elastoplast . The Data Analyst role is a support role to our Demand Planning team, you will support the analysis and interpretation of data to help forecast demand and improve inventory management. Your primary responsibility will be to assist in gathering, cle…",https://www.adzuna.co.uk/jobs/land/ad/5201803877?se=cl6Hqi0z8BGi5qo2_LWCew&utm_medium=api&utm_source=25f3af84&v=4727789C80D3F1A4DA0552CB1A4FE0E24BCF56EF
Sales Data Analyst - Excel Expert!,HAYS,"Basildon, Essex",37831.57,37831.57,37831.57,1,Admin Jobs,"Business Reporting & Sales Data Analyst JOB TITLE: Business Reporting & Development Analyst JOB LOCATION: Basildon, Essex JOB TYPE: Permanent JOB SALARY: £27000 - £35000 depending on experience, industry background and Excel skills JOB WORKING: Hybrid working - in the office 3 days per week, work from home 2 days per week JOB NOTES: You must have your own transport as our clients site is quite a long walk from the train station and the nearest bus stop. You MUST be an advanced user of Excel (pi…",https://www.adzuna.co.uk/jobs/land/ad/5162900654?se=cl6Hqi0z8BGi5qo2_LWCew&utm_medium=api&utm_source=25f3af84&v=8181504E5321B092358DFF53592933F506801CA9
Data Admin Specialist / Data Analyst,HAYS,"Chesterfield, Derbyshire",24500.0,29000.0,29000.0,0,IT Jobs,"Data Admin Specialist / Data Analyst required for permanent job in Chesterfield £24,500 - £29000 Your new company Working for a leading manufacturing business in Chesterfield, you will be part of a specialist data management team. The main purpose of the role will be to support the operational business with the analysis and management of master data sets. Key vacancy information -This position is based in Chesterfield S41, applicants will live in the local area - The role is permanent Based and…",https://www.adzuna.co.uk/jobs/land/ad/5171794375?se=cl6Hqi0z8BGi5qo2_LWCew&utm_medium=api&utm_source=25f3af84&v=7B787E9A0A57CF912935B6793A201A96F9AF7EA5
Marketing Data Analyst,Verisure,"Victoria, South West London",39345.36,39345.36,39345.36,1,"PR, Advertising & Marketing Jobs","MARKETING DATA ANALYST Verisure are looking for a Marketing Data Analyst reporting to the Marketing Director/ BI Director . This person will be responsible for data analytics (internal and external), creating analyses, dashboards, and reports to assist in measuring and optimising marketing performance. MARKETING DATA ANALYST - JD Verisure are looking for a Marketing Data Analyst reporting to the Marketing Director/ BI Director . This person will be responsible for data analytics (internal and e…",https://www.adzuna.co.uk/jobs/land/ad/5199042405?se=cl6Hqi0z8BGi5qo2_LWCew&utm_medium=api&utm_source=25f3af84&v=C2A01F759029C8A805C86DB7AB355AE721974EC4
Lead Data Analyst,McGregor Boyall Associates Limited,"Docklands, East London",182000.0,188500.0,188500.0,0,IT Jobs,"Lead Data Analyst - Wholesale Payments London We are seeking a highly experienced Lead Data Analyst to support the delivery of strategic control initiatives within a newly formed transformation team of a global financial institution. The team is responsible for implementing a robust risk and control framework across complex payment flows-including outgoing, incoming, and internal transfers-aimed at strengthening operational resilience and reducing risk. Key Details Start Date: ASAP Duration: Un…",https://www.adzuna.co.uk/jobs/land/ad/5186487161?se=cl6Hqi0z8BGi5qo2_LWCew&utm_medium=api&utm_source=25f3af84&v=A09DB711CEE5553942591E3795E8E0FD7BD3C672
Azure Data Analyst,Stott & May Professional Search Limited,"Windsor, Windsor & Maidenhead",117000.0,122200.0,122200.0,0,IT Jobs,"Data Analyst (azure) Start: ASAP Duration: initial 6-months Pay: inside IR35, up to £470 per day Location: Windsor (once per week on site) We are seeking an experienced Senior Data Analyst for a contract role focused on Smart Metering projects within the Energy Utilities sector. Key Responsibilities: - Interpret large and complex datasets to produce meaningful insights. - Collect, cleanse, and transform data from various sources within the Microsoft Azure ecosystem, ensuring data quality and co…",https://www.adzuna.co.uk/jobs/land/ad/5197013621?se=cl6Hqi0z8BGi5qo2_LWCew&utm_medium=api&utm_source=25f3af84&v=B1A87BF0348937027B25CD1F4E96C41590B6E652
Technical Data Analyst,HR Inspire,"Farnborough, Hampshire",47599.54,47599.54,47599.54,1,IT Jobs,"Job Title: Technical Data Analyst Location: Hybrid (2-3 days per week in office Farnborough) Salary: Competitive Working Hours: Full Time Key Responsibilities: Assessment of data workflows & interfaces status quo, comparing them vs industry best practices & automating ETL processes where feasible. Core development skillsets are required, with particular focus on SQL, Microsoft SQL, Integration Services & Python. Development & reporting services for business-critical daily, weekly & monthly perf…",https://www.adzuna.co.uk/jobs/land/ad/5196417058?se=cl6Hqi0z8BGi5qo2_LWCew&utm_medium=api&utm_source=25f3af84&v=19E82AA7431D42CED569BFF3DB26CB0FF9DF150D
Data Analyst Apprenticeship,Baltic Apprenticeships,"Benwell, Newcastle Upon Tyne",16000.0,16000.0,16000.0,0,IT Jobs,"Dive into a Data-Driven Career with Jellyfish Energy! Jellyfish Energy, a pioneering force in sustainable energy solutions, is looking for a Junior Data Analyst Apprentice to join their dynamic team. This is a fantastic opportunity to gain hands-on experience in data analysis while working towards your Junior Data Analyst Level 3 qualification , supported by expert training from Baltic Apprenticeships . As a company committed to reducing carbon footprints through cutting-edge technology, Jellyf…",https://www.adzuna.co.uk/jobs/land/ad/5185237887?se=cl6Hqi0z8BGi5qo2_LWCew&utm_medium=api&utm_source=25f3af84&v=C97B4A60DB6984A333F7A037226C63B1AD4A5D79
Azure Data Analyst,Queen Square Recruitment Limited,"Windsor, Windsor & Maidenhead",123500.0,123500.0,123500.0,0,IT Jobs,"?? Job Opening: Azure Data Analyst (Hybrid | Windsor, UK) Rate: £475/day (PAYE) Duration: 6 Months Location: Windsor, UK (Hybrid 1 day/week onsite) About the Role We are seeking a highly experienced Azure Data Analyst with a deep understanding of the Energy Utilities domain, particularly in Smart Metering projects. The successful candidate will be responsible for transforming large volumes of complex data into meaningful business insights, ensuring high data quality, and supporting analytical a…",https://www.adzuna.co.uk/jobs/land/ad/5196416999?se=cl6Hqi0z8BGi5qo2_LWCew&utm_medium=api&utm_source=25f3af84&v=7C944E73062E2FB4D4DEC214B2CB47FD10494903
Data Analyst Apprenticeship,Baltic Apprenticeships,"Benwell, Newcastle Upon Tyne",16000.0,16000.0,16000.0,0,Admin Jobs,"Kickstart Your Data Career with Green Energy Consulting! Green Energy Consulting, a leading consultancy dedicated to driving sustainable energy solutions, is offering an exciting Data Apprentice opportunity. As part of our team, youll gain hands-on experience in data analysis and work towards your Level 3 Data Analyst qualification , with expert guidance from Baltic Apprenticeships . Our mission is to help businesses achieve energy efficiency and sustainability , and as a Data Apprentice, youll…",https://www.adzuna.co.uk/jobs/land/ad/5185237889?se=cl6Hqi0z8BGi5qo2_LWCew&utm_medium=api&utm_source=25f3af84&v=7CC76F8D5E07B7BD8F18B2D03029C495EB276C2B
Business Data Analyst,HAYS,"Belfast, Northern Ireland",36127.41,36127.41,36127.41,1,IT Jobs,"We are working with a global financial institution to recruit a Business Data Analyst to join their project execution team. This role is crucial for ensuring timely execution of Price Risk deliverables, leveraging expertise in business analysis, project execution, and delivery, with a focus on trade population control and data quality. Key Responsibilities Drive execution of the Price Risk Data regulatory book of work. Enhance controls for trade population completeness and CDE data quality. Per…",https://www.adzuna.co.uk/jobs/land/ad/5169310579?se=cl6Hqi0z8BGi5qo2_LWCew&utm_medium=api&utm_source=25f3af84&v=604FCB41B1F67258E9969122F2B32DAAD633F8DD
Product Data Analyst,AXCO,"Fenchurch St, Central London",42606.23,42606.23,42606.23,1,IT Jobs,"Product Data Analyst Location: London, Hybrid EC3A 3DE Salary: Competitive, DOE,  Excellent Benefits! Contract Type: Full Time, Permanent What We Can Offer You: Hybrid Working, Performance-Related Bonus, Life Assurance, Additional Holiday Purchase, Health Cash Plan, Subsidised Gym Memberships, Cycle to Work scheme, Discount Vouchers and Access to Wellbeing Resources! Why Do We Want You We are seeking a Product Data Analyst to join our Product & Innovation team at Axco, part of Wilmington Plc. W…",https://www.adzuna.co.uk/jobs/land/ad/5200589494?se=cl6Hqi0z8BGi5qo2_LWCew&utm_medium=api&utm_source=25f3af84&v=4CA1D0EB3DB486050BCB121C9A1BF64AF8722EB8
Reporting and Data Analyst,CHP,"Springfield, Chelmsford",40000.0,40000.0,40000.0,0,IT Jobs,"Reporting and Data Analyst £41,704 Chelmsford Permanent,Full Time To be responsible for the development of reporting, data analysis, and business intelligence solutions, working with users to meet their data and reporting needs, and promoting the corporate data warehouse. To develop and maintain CHPs management information library and produce and submit national and local datasets such as benchmarking data and Tenant Satisfaction Measures (TSMs). What you'll be doing Manage and develop CHPs sui…",https://www.adzuna.co.uk/jobs/land/ad/5196416980?se=cl6Hqi0z8BGi5qo2_LWCew&utm_medium=api&utm_source=25f3af84&v=2EEB2B7A05461B7DF8EF8A916E73E41990C40105
Data Analyst Apprentice,TOYOTA MATERIAL HANDLING UK,"Whitwood, Castleford",23098.78,23098.78,23098.78,1,Admin Jobs,"We are looking for a Data Analyst Apprentice to join our team and work towards a Level 4 qualification. The primary objective of the role is to collect and interpret key data in order to produce reports and performance dashboards for 4 key business areas - People Support, People Development, Fleet and QHSE. As part of the apprenticeship, you will develop your knowledge of statistical analysis and the tools for date visualisation. About the role On a day-today basis this is what you would be doi…",https://www.adzuna.co.uk/jobs/land/ad/5196417077?se=cl6Hqi0z8BGi5qo2_LWCew&utm_medium=api&utm_source=25f3af84&v=6413CB83AC3179DF4EBD7AF8C7E6D911BEC0C611
Estates Data Analyst,Maria Mallaband Care Group,"Lower Wortley, Leeds",29308.34,29308.34,29308.34,1,IT Jobs,"About the Role We are looking for a driven individual to join our estates team as a Data Analyst. In this role you will be responsible for supporting the Estates team by analysing data, producing reports and working alongside our helpdesk to keep our care homes compliant. This is an office-based role working Monday-Friday within our Leeds Head Office, the role will also require the successful candidate to work 1 weekend in 6 on an on-call rota Salary up to £30,000 pa The role: As part of the ro…",https://www.adzuna.co.uk/jobs/land/ad/5177356791?se=cl6Hqi0z8BGi5qo2_LWCew&utm_medium=api&utm_source=25f3af84&v=EB74A75F25B1C0193E4CF7D2ABAB16BDBA0CFE58
Digital Data Analyst,Motability Operations,"Leith, Edinburgh",51916.77,51916.77,51916.77,1,IT Jobs,"Description We use innovation to shape data so it works for everyone and we're planning to re-platform and improve the existing (commercial, operational and customer) data assets and develop new ones, as well as transform how we work with the business to use our data better. As our Digital Data Analyst, you will play a key role in supporting the charge in digital innovation and management across our diverse range of products and services. In this role, you will support our Digital teams, encomp…",https://www.adzuna.co.uk/jobs/land/ad/5138517713?se=cl6Hqi0z8BGi5qo2_LWCew&utm_medium=api&utm_source=25f3af84&v=71CE8E640A245B2BEE16B998236D13B88D37A342
Digital Data Analyst,Motability Operations,"Bristol, South West England",51701.39,51701.39,51701.39,1,IT Jobs,"Description We use innovation to shape data so it works for everyone and we're planning to re-platform and improve the existing (commercial, operational and customer) data assets and develop new ones, as well as transform how we work with the business to use our data better. As our Digital Data Analyst, you will play a key role in supporting the charge in digital innovation and management across our diverse range of products and services. In this role, you will support our Digital teams, encomp…",https://www.adzuna.co.uk/jobs/land/ad/5138517714?se=cl6Hqi0z8BGi5qo2_LWCew&utm_medium=api&utm_source=25f3af84&v=D6F8A6EB4F8B727B2A9C1D3A4C85FF36C203EF29
HR Data Analyst,Hillarys HR,"Netherfield, Nottingham",52662.42,52662.42,52662.42,1,Accounting & Finance Jobs,"Do you want to become part of the Hunter Douglas DREAM? Hunter Douglas is the global market leader in window coverings, operating across 136 entities over 100 countries. Hunter Douglas is seeking a ZBB People Specialist who will play a pivotal role in managing, analysing, and enhancing the visibility of people-related costs across the EMEA region, supporting the Zero-Based Budgeting (ZBB) transformation at Hunter Douglas. In this role you will ensure alignment of actuals, budgets, and forecasts…",https://www.adzuna.co.uk/jobs/land/ad/5163267841?se=cl6Hqi0z8BGi5qo2_LWCew&utm_medium=api&utm_source=25f3af84&v=B68728E04B004CBA8733E34E1CE0D98E85F6C9E8
Data Analyst,UK Research and Innovation,"Swindon, Wiltshire",31667.21,31667.21,31667.21,1,Admin Jobs,"The Arts and Humanities Research Council (AHRC) Data Analyst Salary: £36,650 Per Annum Hours: Full Time or Part Time (Minimum 0.7 FTE Per Week) Contract Type: Open Ended (Permanent) Location: Polaris House, Swindon, Wiltshire (Hybrid) Grade: UKRI Band D Closing Date: 26 May 25 Team Information The Portfolio Management and Insights team has a wide range or responsibilities within AHRC. The team includes the data function of AHRC which provides support and management of reporting and analysis cap…",https://www.adzuna.co.uk/jobs/details/5197407900?utm_medium=api&utm_source=25f3af84
Data Analyst,Department for Work and Pensions,"Newcastle Upon Tyne, Tyne & Wear",35051.51,35051.51,35051.51,1,Customer Services Jobs,"Length of employment: Job Summary: Please note this role requires you to pass Security Check clearance. For further information, please see 'Selection process details'. At DWP Digital, we design and develop digital user-friendly digital services that enable millions of people to access the help, advice, and financial support they need. Almost everyone in the UK relies on our digital services at some point in their lives. DWP needs the right intelligence for it to be able to deliver its services…",https://www.adzuna.co.uk/jobs/details/5195340766?utm_medium=api&utm_source=25f3af84
Data Analyst - (Research Fellow),Spectrum It Recruitment Limited,"Southampton, Hampshire",35000.0,35000.0,35000.0,0,IT Jobs,"Data Analyst (Research Fellow) Southampton HQ - Hybrid Working - 3 Days In Office Up to £36,000 - DOE Drivers Licence Required for Travel We're looking for a Data Analyst/Research Fellow to deliver a wide range of research and consultation projects. You'll design and conduct primary and secondary research, manage multiple projects, analyse data, and create actionable reports to support strategic decisions across the organisation. Key Responsibilities: Lead end-to-end delivery of qualitative and…",https://www.adzuna.co.uk/jobs/land/ad/5198189280?se=cl6Hqi0z8BGi5qo2_LWCew&utm_medium=api&utm_source=25f3af84&v=5C238CE7492624C6AD703AA374F7B1CD1F6AB78D
Junior Data Analyst Apprenticeship,Baltic Apprenticeships,"New Bilton, Rugby",14000.0,14000.0,14000.0,0,IT Jobs,"Rugby School is a prestigious institution with a rich history of academic excellence. They are committed to nurturing talent and creating an environment where their students and staff can thrive. As part of the Rugby School Group, you will play an essential role in supporting educational innovation by providing valuable insights through data. Are you ready to embark on a journey in the world of data analysis? As a Junior Data Analyst Apprentice at Rugby School, you will support the use of data …",https://www.adzuna.co.uk/jobs/land/ad/5202582209?se=cl6Hqi0z8BGi5qo2_LWCew&utm_medium=api&utm_source=25f3af84&v=F85AE7910BBA5FDC66F81FE9B4C29FB09930F0FD
Safeguarding Administration and Data Analyst,wellington college,"Wellington College, Crowthorne",31475.33,31475.33,31475.33,1,Teaching Jobs,"Wellington College is one of the world's leading co-educational boarding and day schools located in rural Berkshire set in a stunning 400 acre campus, home to a blend of breathtaking original architecture and modern state-of-the-art facilities to provide the best possible education environment for our pupils. We have an exciting opportunity within our Safeguarding department who are looking for an enthusiastic and dedicated Safeguarding Administrator and Data Analyst . About the role: You will …",https://www.adzuna.co.uk/jobs/land/ad/5202379975?se=cl6Hqi0z8BGi5qo2_LWCew&utm_medium=api&utm_source=25f3af84&v=BDDDC9BE41F8A88FF01838D3C9CA50CF708483F5
Global Ecommerce Data Analyst,Brompton Bicycle,UK,38727.87,38727.87,38727.87,1,IT Jobs,"Global E-Commerce Analyst About Brompton Brompton Bicycle is not just a brand; it's a symbol of innovative urban mobility. Founded in London in 1975, we have become a bit of a global icon, with our easily recognisable design and unwavering commitment to making city cycling smarter and more accessible. At the heart of our success is our ingenious foldable bike a testament to British engineering excellence. The compact and portable bicycles have revolutionised urban transportation, offering a pra…",https://www.adzuna.co.uk/jobs/land/ad/5199042319?se=cl6Hqi0z8BGi5qo2_LWCew&utm_medium=api&utm_source=25f3af84&v=8297E20CDC6DC091C195A3651D2878378F53AFB3
Data Analyst,International SOS,"London, UK",41867.27,41867.27,41867.27,1,IT Jobs,"International SOS is the world’s leading medical and security services company with over 12,000 employees working in 1,000 locations in 90 countries. International SOS Government Services administers the TRICARE Overseas Program providing high-quality, accessible health care services for U.S. Military service members, family members, retirees, and other eligible beneficiaries overseas. About the role Join our team as a Data Analyst where you will be part of a dynamic team dedicated to deliverin…",https://www.adzuna.co.uk/jobs/land/ad/5185037801?se=cl6Hqi0z8BGi5qo2_LWCew&utm_medium=api&utm_source=25f3af84&v=2B220D673356683B000CA990597703CFD9EA635F
Senior Data Analyst,TQR,"Plymouth, South West England",47641.05,47641.05,47641.05,1,IT Jobs,"As part of our clients continued growth and success, we are seeking a skilled and proactive Senior Data Analyst to join their Head Office team in Plymouth. This is an exciting opportunity to play a strategic role in shaping data-driven decisions across the entire Supply Chain, driving performance improvements, and supporting transformative change programs. Role Overview The Senior Data Analyst will be a critical member of the leadership team, providing expert-level insights and analysis across …",https://www.adzuna.co.uk/jobs/land/ad/5177181930?se=cl6Hqi0z8BGi5qo2_LWCew&utm_medium=api&utm_source=25f3af84&v=B55B38C8B999C2ACF048874763E2AB66C4CF7A4C
Data Analyst,GET STAFFED ONLINE RECRUITMENT LIMITED,"Warwickshire, West Midlands",25000.0,35000.0,35000.0,0,IT Jobs,"Data Analyst Salary: £25-35k DOE Location: Alcester - Hybrid - 2/3 days in the office Our client is the largest privately-owned mortgage network in the UK. Their goal is to continue to be the best home for mortgage advisers, protection specialists, equity release experts and general insurance professionals, whatever their size or location. The Role To assist the Finance Department in creating, maintaining and enhancing reporting solutions Key Tasks Creating, maintaining, and enhancing reporting…",https://www.adzuna.co.uk/jobs/land/ad/5202927014?se=cl6Hqi0z8BGi5qo2_LWCew&utm_medium=api&utm_source=25f3af84&v=FB7150E591A73555CABF946625FAF30D4F2E0177
Data Analyst,Hays,"Glasgow, Scotland",40000.0,45000.0,45000.0,0,IT Jobs,"Your New Company and Role Hays' client is a leading Scottish public sector organisation. You will play a crucial role in their data migration project, transitioning data from our current system to a new platform. In this role, you will: Cleanse and transform data from the current system for migration to the new platform. Map external data sources, interfaces, and third-party systems. Document off-system data sources and identify critical data for inclusion in the transformation activity. Evalua…",https://www.adzuna.co.uk/jobs/land/ad/5199529968?se=cl6Hqi0z8BGi5qo2_LWCew&utm_medium=api&utm_source=25f3af84&v=785E4BC3B6D71164C8E83E213F0AB70B9E4E5762
Survey Data Analyst,Oceaneering,"Aberdeen, Aberdeenshire",44808.65,44808.65,44808.65,1,"Energy, Oil & Gas Jobs","Company Profile Oceaneering is a global provider of engineered services and products, primarily to the offshore energy industry. We develop products and services for use throughout the lifecycle of an offshore oilfield, from drilling to decommissioning. We operate the world's premier fleet of work class ROVs. Additionally, we are a leader in offshore oilfield maintenance services, umbilicals, subsea hardware, and tooling. We also use applied technology expertise to serve the defense, entertainm…",https://www.adzuna.co.uk/jobs/land/ad/5189516189?se=cl6Hqi0z8BGi5qo2_LWCew&utm_medium=api&utm_source=25f3af84&v=618AB7504F500EED3A2FAA6784FDDC1DDFD2E1AC
Data Analyst Skills Coach- Apprenticeships,Pertemps Newcastle & Gateshead,UK,40000.0,40000.0,40000.0,0,Teaching Jobs,"Job Title: Data Analyst Skills Coach- Apprenticeships Salary: £43,000 - £45,000 Location: Remote, with the option to work 1 day per week in Central London or Manchester (Hybrid: 4 days remote, 1 day in-office) Holiday: 25 days  bank holidays Are you an Experienced Data Analyst with a proven track record in coaching and supporting Apprenticeship learners? Join a nationally recognised, award-winning training provider with over 20 years of expertise in apprenticeships and training. Partnered with …",https://www.adzuna.co.uk/jobs/land/ad/5191170329?se=cl6Hqi0z8BGi5qo2_LWCew&utm_medium=api&utm_source=25f3af84&v=A4097FB1D6ECDDB8502B669C3E534664198621E1
Product Data Analyst (Climate-Tech),ADLIB Recruitment,"Bristol, South West England",50000.0,50000.0,50000.0,0,IT Jobs,Were looking for a Product Data Analyst to join an ambitious Climate Tech startup in a role with a huge variety of fun challenges in Bristol. Theyve built a platform which helps to drive the transition away from fossil fuel heating in peoples homes and are now looking to add to their team. Theyre helping to seriously reduce carbon emissions whilst also helping to reduce homeowner energy bills. Now is a great time to join them as theyre scaling and have already had great success. *2 days a week …,https://www.adzuna.co.uk/jobs/land/ad/5191170312?se=cl6Hqi0z8BGi5qo2_LWCew&utm_medium=api&utm_source=25f3af84&v=38723A8D747840DE43C5FB6BB40B304DBF0D601D
Fraud Data Analyst,LexisNexis,"London, UK",50651.77,50651.77,50651.77,1,IT Jobs,"Fraud Data Analyst About the Business: LexisNexis Risk Solutions is the essential partner in the assessment of risk. Within our Business Services vertical, we offer a multitude of solutions focused on helping businesses of all sizes drive higher revenue growth, maximize operational efficiencies, and improve customer experience. Our solutions help our customers solve difficult problems in the areas of Anti-Money Laundering/Counter Terrorist Financing, Identity Authentication & Verification, Frau…",https://www.adzuna.co.uk/jobs/land/ad/5166767901?se=cl6Hqi0z8BGi5qo2_LWCew&utm_medium=api&utm_source=25f3af84&v=9234ABF6C9D478C6B09112309249C824F403D79F
Junior Data Analyst,BRITISH BOARD OF FILM CLASSIFICATION,"Soho, West London",0.0,45000.0,45000.0,0,IT Jobs,"Junior Data Analyst Reports to: AI & SaaS Implementation Manager Function: We are committed to using AI to evolve and leverage over 110 years of experience in media compliance and regulation. We are on a mission to harness this extensive knowledge to create scalable solutions that align with our core mission of supporting audiences to make safe and informed viewing choices. As a Data Analyst in our organisation, you'll play a crucial, technical and hands-on implementing role in shaping this inn…",https://www.adzuna.co.uk/jobs/land/ad/5201086175?se=cl6Hqi0z8BGi5qo2_LWCew&utm_medium=api&utm_source=25f3af84&v=7A3A0D5B5D9CB9279594AE7582BA2E666A40970A
Drive Data Analyst,SAFELIVES,"Bristol, South West England",30321.0,30321.0,30321.0,0,Social work Jobs,"About SafeLives We are SafeLives, the UK-wide charity dedicated to ending domestic abuse, for everyone and for good. Last year alone, 14,000 professionals received our training. Over 80,000 adults at risk of serious harm or murder and more than 100,000 children received support through dedicated multi-agency support designed by us and delivered with partners. In the last six years, over 4,000 perpetrators have been challenged and supported to change by interventions we created with partners, an…",https://www.adzuna.co.uk/jobs/land/ad/5175239408?se=cl6Hqi0z8BGi5qo2_LWCew&utm_medium=api&utm_source=25f3af84&v=D0AD64539934ED1ADEE9AF3E8930B2BD37D03152
HR Data Analyst,HOUSE OF COMMONS-3,"London, UK",41340.0,47975.0,47975.0,0,HR & Recruitment Jobs,"House of Commons The House of Commons a unique and exciting place to work right at the heart of the UK's thriving democratic system. Behind the scenes, the House of Commons Service is made up of more than 3,000 employees who support and facilitate the smooth day to day running of the House. They provide professional services to Members of Parliament, their staff, and the wider parliamentary community. More information on what it's like to work at the House of Commons can be found here: Be at th…",https://www.adzuna.co.uk/jobs/land/ad/5187785940?se=cl6Hqi0z8BGi5qo2_LWCew&utm_medium=api&utm_source=25f3af84&v=944576C2E1EE79B723CE57FC3D2A286D3D5E743B
Data Analyst Intern,Victoria Solutions,"London, UK",20610.02,20610.02,20610.02,1,Consultancy Jobs,"Company Description Victoria Solutions is a dynamic consulting group dedicated to bridging the gap between education and industry. We provide hands-on training programs that equip aspiring professionals with real-world skills, mentorship, and exposure to industry projects, empowering them to thrive in today’s competitive business landscape. Role Description This is a part-time remote internship role for a Data Analyst Intern at Victoria Solutions in London Area, United Kingdom. The Data Analyst…",https://www.adzuna.co.uk/jobs/details/5171535157?utm_medium=api&utm_source=25f3af84
Data Analyst,No1 Legal and Professional,"London, UK",37911.97,37911.97,37911.97,1,IT Jobs,"Data Analyst Great opportunity to work at a technology firm based in central London Successful candidate will have Advanced Excel skills Data Analyst Assist in gathering, organising, and maintaining datasets from various sources. Conduct exploratory data analysis, summarise key insights, and create reports for internal teams and clients. Create clear and engaging charts, dashboards, and reports using tools like Excel Data Analyst Proficiency in Excel (pivot tables, VLOOKUP, basic formulas). Fam…",https://www.adzuna.co.uk/jobs/land/ad/5166772180?se=cl6Hqi0z8BGi5qo2_LWCew&utm_medium=api&utm_source=25f3af84&v=5436A9B9E210DE6E7AC8680BCBC02BE407D38AA7
Data Analyst,Harcourt Matthews Ltd,"Bristol, South West England",32000.0,38000.0,38000.0,0,IT Jobs,"Data Analyst Bristol hybrid working available £32,000 - £38,000  excellent company benefits A Data Analyst opportunity is available at this leading professional services group. In this role, you will lead key transformation initiatives, rolling out innovative ways of working that enhance efficiency, drive value, and improve client service. This is a fantastic opportunity to make a tangible impact by leveraging technology, AI, and process improvements within a dynamic, forward-thinking firm. Key…",https://www.adzuna.co.uk/jobs/land/ad/5174146409?se=cl6Hqi0z8BGi5qo2_LWCew&utm_medium=api&utm_source=25f3af84&v=DFE6704B4EEE55DBCB457935A2C7D4E7E920DF03
Lead Data Analyst,KINGS COLLEGE LONDON-1,"London, UK",71038.45,71038.45,71038.45,1,Teaching Jobs,"About us King’s Centre for International Education and Languages CIEL is a new, cross-cutting Centre designed to widen the educational reach of King’s. It brings together three existing areas: King’s Foundations, Summer Programmes, and King’s Language Centre. This brings together international pathway provision, pre sessional programmes, pre-UG summer courses, UG summer modules, UG language modules, bespoke language programmes for the community and our partners and academic skills provision for…",https://www.adzuna.co.uk/jobs/land/ad/5175047622?se=cl6Hqi0z8BGi5qo2_LWCew&utm_medium=api&utm_source=25f3af84&v=C7A31E78D1D81457A6DB23351AAD20C19527F358
Data Analyst - Market Risk Controls (BELFAST),McGregor Boyall Associates Limited,"Belfast, Northern Ireland",143000.0,156000.0,156000.0,0,IT Jobs,"Role: Data Analyst - Market Risk Controls Rate: £600.00 per day (Inside IR35, via Umbrella) Length: 6 months, until 31/12/2025 Location: Belfast (Hybrid, 2 to 3 days per week in office) We're supporting a leading investment bank as they build out the control framework for their strategic data platform within Market Risk. This sits within a wider transformation programme focused on improving the quality, traceability and control of risk data. This role would suit someone who enjoys getting into …",https://www.adzuna.co.uk/jobs/land/ad/5173067947?se=cl6Hqi0z8BGi5qo2_LWCew&utm_medium=api&utm_source=25f3af84&v=C03CA5D4942B6FECF1738817470D0563BF21CC5D
Data Analyst Apprentice,QA Limited,"Livingston, West Lothian",19000.0,19000.0,19000.0,0,Admin Jobs,"Employer description: Bilfinger UK is a leading engineering and maintenance provider with a workforce of over 4,000 employees operating from sites across the UK. The business is part of the wider Bilfinger group, who are Europe’s largest industrial services provider and have around 30000 employees who are located across four key international business units in Europe, North America and the Middle East. They have extensive experience in onshore and offshore facilities, specialising in asset mana…",https://www.adzuna.co.uk/jobs/land/ad/5162374482?se=cl6Hqi0z8BGi5qo2_LWCew&utm_medium=api&utm_source=25f3af84&v=598D179A09BF5A94A8159333132D95200C3674DB
BI Data Analyst,Dreams Ltd,"High Wycombe, Buckinghamshire",41186.19,41186.19,41186.19,1,IT Jobs,"At Dreams, we know your bed is the best place in the whole world. But for the hours between precious sleep, we`d like to make work a special place to be too. We`re the UK`s most loved bed retailer, so it`s important our people feel the love as well. There`s over 250 of us at our affectionally named `Bedquarters` in High Wycombe, Buckinghamshire, where every dreamer makes a difference.We`re super passionate about our people-first culture, which means we like to keep things simple and celebrate e…",https://www.adzuna.co.uk/jobs/land/ad/5200078470?se=cl6Hqi0z8BGi5qo2_LWCew&utm_medium=api&utm_source=25f3af84&v=C830668B8C7684876B4CE4782CAD84C81955C717
BI & Data Analyst,Dreams Ltd,"High Wycombe, Buckinghamshire",42173.83,42173.83,42173.83,1,IT Jobs,"At Dreams, we know your bed is the best place in the whole world. But for the hours between precious sleep, we`d like to make work a special place to be too. We`re the UK`s most loved bed retailer, so it`s important our people feel the love as well. There`s over 250 of us at our affectionally named `Bedquarters` in High Wycombe, Buckinghamshire, where every dreamer makes a difference. We`re super passionate about our people-first culture, which means we like to keep things simple and celebrate …",https://www.adzuna.co.uk/jobs/land/ad/5168444151?se=cl6Hqi0z8BGi5qo2_LWCew&utm_medium=api&utm_source=25f3af84&v=6F850BF6579F325039CF2894C90260B3B7713310
Senior Data Analyst,Bank of America,"Chester, Cheshire",48817.96,48817.96,48817.96,1,IT Jobs,"Job Description: Job Title: Senior Data Analyst - CFO Corporate Title: Assistant Vice President Location: Chester Company Overview: At Bank of America, we are guided by a common purpose to help make financial lives better through the power of every connection. Responsible Growth is how we run our company and how we deliver for our clients, teammates, communities and shareholders every day. One of the keys to driving Responsible Growth is being a great place to work for our teammates around the …",https://www.adzuna.co.uk/jobs/details/5179849868?utm_medium=api&utm_source=25f3af84
Army Data Analyst,Ministry of Defence,"Andover, Hampshire",37131.24,37131.24,37131.24,1,IT Jobs,"Length of employment: Job Summary: The Ministry of Defence employs over 50,000 Civil Servants. Within that, the Army Top Level Budget (TLB) employs around 12,000 MOD Civil Servants located at over 300 locations. Ours is a diverse workforce, with roles ranging from trainers, human resources, teachers, and psychologists to storekeepers, financiers, project and programme managers, and policy secretariat staff. There are many different functions and professions delivering key outputs for the Army. …",https://www.adzuna.co.uk/jobs/details/5197991705?utm_medium=api&utm_source=25f3af84
DE&S Data Analyst,Defence Nuclear Enterprise,"Bristol, South West England",43396.16,43396.16,43396.16,1,IT Jobs,"Length of employment: Job Summary: At Defence Equipment & Support (DE&S), we supply and maintain vital equipment and services for the Royal Navy, British Army and Royal Air Force. Together, we deliver a vast range of essential defence programmes, and strive for what's next. Because it helps keep our military at the top of their game and our nation safe - for today, and tomorrow. We offer 25 days' holiday, flexible and hybrid working, enhanced parental leave schemes, shopping discounts, and an e…",https://www.adzuna.co.uk/jobs/details/5195340752?utm_medium=api&utm_source=25f3af84
