date,job_title,salary_in_usd,work_mode,country,skills
2025,Team Lead (Finance),52996,onsite,GB,['r']
2025,Data Analyst,50000,hybrid,GB,"['excel', 'power bi', 'python', 'r', 'sql']"
2025,Junior Data Analyst,24000,onsite,GB,['r']
2025,Asset Data Analyst,35000,onsite,GB,['r']
2025,Healthcare Analyst (FTC),43779,onsite,GB,['r']
2025,DATA ANALYST,25904,onsite,GB,['r']
2025,Data Protection Analyst,47135,onsite,GB,['r']
2025,Remote Travel Business Development / Sales Coach - World 1 Franchise,35000,onsite,GB,['r']
2025,Remote Travel Business Development / Sales Coach - World 1 Franchise,35000,onsite,GB,['r']
2025,Market Data Admin and Compliance Support Analyst,40522,onsite,GB,['r']
2025,Remote Travel Business Development / Sales Coach - World 1 Franchise,35000,onsite,GB,['r']
2025,Remote Travel Business Development / Sales Coach - World 1 Franchise,35000,onsite,GB,['r']
2025,Remote Travel Business Development / Sales Coach - World 1 Franchise,35000,onsite,GB,['r']
2025,Remote Travel Business Development / Sales Coach - World 1 Franchise,35000,onsite,GB,['r']
2025,Remote Travel Business Development / Sales Coach - World 1 Franchise,35000,onsite,GB,['r']
2025,Asset Data Analyst,39248,onsite,GB,['r']
2025,Commercial / Ecommerce Analyst,28000,onsite,GB,['r']
2025,Asset Data Analyst,39248,onsite,GB,['r']
2025,Senior Data Analyst,59082,onsite,GB,['r']
2025,Data Engineer,64864,onsite,GB,"['azure', 'r']"
2025,Remote Travel Business Development / Sales Coach - World 1 Franchise,35000,onsite,GB,['r']
2025,Remote Travel Business Development / Sales Coach - World 1 Franchise,35000,onsite,GB,['r']
2025,Remote Travel Business Development / Sales Coach - World 1 Franchise,35000,onsite,GB,['r']
2025,Remote Travel Business Development / Sales Coach - World 1 Franchise,35000,onsite,GB,['r']
2025,Remote Travel Business Development / Sales Coach - World 1 Franchise,35000,onsite,GB,['r']
2025,Remote Travel Business Development / Sales Coach - World 1 Franchise,35000,onsite,GB,['r']
2025,Data Scientist,47200,onsite,GB,['r']
2025,People Data and Performance Metrics Analyst,58957,onsite,GB,['r']
2025,Market Data Admin and Compliance Support Analyst,41806,onsite,GB,['r']
2025,Data Analyst,97500,remote,GB,['r']
2025,Asset Data Analyst,39248,onsite,GB,['r']
2025,Senior MI Analyst,54000,hybrid,GB,['r']
2025,Data Analyst,42500,hybrid,GB,"['excel', 'power bi', 'python', 'r', 'sql']"
2025,Data Analysis Needed For Insights into a Time Management Survey,35130,onsite,GB,"['excel', 'r']"
2025,Remote Travel Business Development / Sales Coach - World 1 Franchise,35000,onsite,GB,['r']
2025,Remote Travel Business Development / Sales Coach - World 1 Franchise,35000,onsite,GB,['r']
2025,Remote Travel Business Development / Sales Coach - World 1 Franchise,35000,onsite,GB,['r']
2025,Remote Travel Business Development / Sales Coach - World 1 Franchise,35000,onsite,GB,['r']
2025,Remote Travel Business Development / Sales Coach - World 1 Franchise,35000,onsite,GB,['r']
2025,Remote Travel Business Development / Sales Coach - World 1 Franchise,35000,onsite,GB,['r']
2025,Remote Travel Business Development / Sales Coach - World 1 Franchise,42713,onsite,GB,['r']
2025,Remote Travel Business Development / Sales Coach - World 1 Franchise,35000,onsite,GB,['r']
2025,"Data Product Manager, Product Analytics, Global Streaming",62604,onsite,GB,['r']
2025,Data and Reporting Analyst,35739,onsite,GB,['r']
2025,Data Governance Analyst,55000,hybrid,GB,['r']
2025,Power BI Process & Data Lead (m/w/d),45372,onsite,GB,['r']
2025,Clinical Data Analyst,35830,onsite,GB,['r']
2025,"Data Product Manager, Product Analytics, Global Streaming",65066,onsite,GB,['r']
2025,Engineer - London Stock Exchange Group,54162,onsite,GB,['r']
2025,Data Business Analyst,169000,onsite,GB,['r']
2025,Data Analyst Graduate with an interest in cars,29472,hybrid,GB,"['excel', 'r', 'statistics']"
2025,HR Insights Analyst - Oracle HCM,55000,onsite,GB,['r']
2025,STaR Specialist Engagement Worker,30847,onsite,GB,['r']
2025,Analyst - Internal Audit Data - Crawley,40823,hybrid,GB,['r']
2025,"BI Analyst - Wells & Co. - Bedford, Bedfordshire",50000,onsite,GB,['r']
2025,Senior Data Quality Analyst,45862,onsite,GB,['r']
2025,Interim Assets Data Management Lead (Up to 12 months),45459,onsite,GB,['r']
2025,Data Science Manager,53196,onsite,GB,['r']
2025,Lead Data Engineer,74337,onsite,GB,['r']
2025,Senior Data Scientist,48904,onsite,GB,['r']
2025,Data Analyst (Excel Specialist),40000,remote,GB,"['excel', 'r']"
2025,Developer Surbiton,41767,onsite,GB,['r']
2025,Data Analyst,40000,onsite,GB,['r']
2025,Junior Data Analyst,25000,hybrid,GB,"['power bi', 'r', 'sql']"
2025,DE&S Data Scientist,48094,hybrid,GB,['r']
2025,Laboratory Scientist Degree Apprenticeship - Bristol Myers Squibb,28928,onsite,GB,['r']
2025,Data Engineer,104000,onsite,GB,['r']
2025,Senior Data Governance Analyst,45998,onsite,GB,['r']
2025,Senior Data Governance Analyst,48594,onsite,GB,['r']
2025,Senior Data Governance Analyst,45805,onsite,GB,['r']
2025,Data Analyst,37656,onsite,GB,['r']
2025,Data Analyst,37441,onsite,GB,['r']
2025,Data Analyst - Digital Marketing,37464,onsite,GB,['r']
2025,Software Engineer (Java/Kotlin/Scala),65000,onsite,GB,"['python', 'r', 'sql']"
2025,"Data Analyst, Data Engineer, SQL",57000,onsite,GB,"['r', 'sql']"
2025,Data Analyst,60000,hybrid,GB,"['python', 'r', 'sql']"
2025,Senior Data Analyst in PEOPLE STRATEGY AND INSIGHTS,54570,onsite,GB,['r']
2025,Senior Construction Data Analyst,38034,hybrid,GB,['r']
2025,DE&S Data Scientist,43144,hybrid,GB,['r']
2025,Sales Operations - Data Analyst,97500,hybrid,GB,['r']
2025,Housing Asset & Data Management Analyst,48776,onsite,GB,"['excel', 'r', 'sql']"
2025,Data Analyst – Supplier Audit and Material Risk,66301,onsite,GB,['r']
2025,Data Analyst - Sales Operations,97500,hybrid,GB,['r']
2025,Data Analyst (Excel Specialist),40000,remote,GB,"['excel', 'r']"
2025,Data Analyst / BI Developer - Customer & Digital Analytics,40000,onsite,GB,"['power bi', 'python', 'r']"
2025,SQL Developer (Derby),60409,onsite,GB,"['r', 'sql']"
2025,Service Desk Administrator,23889,hybrid,GB,['r']
2025,Data Engineer,104000,onsite,GB,['r']
2025,Data Analyst Trainee,40000,onsite,GB,['r']
2025,Senior Data Analyst,77500,onsite,GB,['r']
2025,Data Analyst / BI Developer - Customer & Digital Analytics,40000,onsite,GB,"['power bi', 'python', 'r']"
2025,"Service Desk Administrator by Ricoh in Northampton, West Northamptonshire Ref: 223509322",27903,hybrid,GB,['r']
2025,Product Owner - Data Mapping,143000,hybrid,GB,['r']
2025,Manager/Lead Product Owner in MBR Strategic Change & Operations,69530,onsite,GB,['r']
2025,Finance Analyst – Data Migration ( 3 month FTC),42135,onsite,GB,['r']
2025,Product Owner - Data Mapping,143000,hybrid,GB,['r']
2025,Business Intelligence Analyst - FTC - 6 Months,45000,hybrid,GB,['r']
2025,Data Apprentice,18000,onsite,GB,"['excel', 'r']"
2025,Senior Data Analyst Front Office Investment Management (Python),185250,onsite,GB,"['python', 'r']"
2025,Product Analyst,55000,onsite,GB,['r']
2025,Product Manager,70000,onsite,GB,['r']
2025,Senior Data Analyst,47840,onsite,GB,['r']
2025,Data Analyst- Higher Education,52020,onsite,GB,['r']
2025,Data Analyst,47169,onsite,GB,"['excel', 'r']"
2025,Data Analyst,45369,onsite,GB,['r']
2025,Entry Level Business Analyst,28000,onsite,GB,['r']
2025,Entry Level Data Analyst,26500,onsite,GB,['r']
2025,Entry Level Business Analyst,28000,onsite,GB,['r']
2025,Data Analyst,35000,onsite,GB,"['excel', 'r']"
2025,Entry Level Data Analyst,26500,onsite,GB,['r']
2025,Trainee Data Admin,34902,onsite,GB,"['excel', 'r']"
2025,Trainee Data Analyst Associate,39188,onsite,GB,"['excel', 'r']"
2025,Junior Data Admin,32710,onsite,GB,"['excel', 'r']"
2025,Commercial Data Analyst,30500,onsite,GB,['r']
2025,Trainee Data Engineer,37497,onsite,GB,"['excel', 'r']"
2025,Data Protection Analyst - 12 Month Contract,36329,onsite,GB,['r']
2025,Digital IT Manager - Remote,71000,remote,GB,['r']
2025,Finance Management Information Analyst,80000,onsite,GB,"['r', 'tableau']"
2025,Data Modeler,55000,onsite,GB,['r']
2025,Data Protection Analyst - 12 Month Contract - Edinburgh,39879,onsite,GB,['r']
2025,Senior Pricing Analyst - Transformation Job Details | AZGROUPPROD,45823,hybrid,GB,['r']
2025,Data Analyst - Professional Services,32500,hybrid,GB,['r']
2025,Data Governance Positions - Data Analytics & Management,62016,onsite,GB,['r']
2025,Data PMO Analyst,34209,onsite,GB,['r']
2025,"Associate, Senior Data Analyst",58435,onsite,GB,['r']
2025,HR Data Management Administrator (Workday) - South East,52000,hybrid,GB,['r']
2025,Supply Chain Intelligence Analyst,48349,hybrid,GB,['r']
2025,Data Analyst Degree Apprenticeship,21842,onsite,GB,['r']
2025,Head of Data,45453,hybrid,GB,['r']
2025,Carbon Data Analyst,60899,onsite,GB,['r']
2025,"Director, Product Design Research",49868,onsite,GB,['r']
2025,Data Analyst (Entry Level),32500,onsite,GB,['r']
2025,Head of Data,45702,hybrid,GB,['r']
2025,Senior Analyst – Range and Geospatial Analytics,48280,onsite,GB,['r']
2025,Principal Data Analytics Engineer,71921,hybrid,GB,['r']
2025,Data Analyst - Portfolio Risk and Analytics,51960,onsite,GB,['r']
2025,Principal Business Process Improvement Analyst,74734,onsite,GB,['r']
2025,Principal Data Engineer,74221,hybrid,GB,['r']
2025,Procurement Manager,40976,onsite,GB,['r']
2025,Fraud Data Analyst,39026,onsite,GB,['r']
2025,Data Apprentice,18000,onsite,GB,"['excel', 'r']"
2025,Business Intelligence Analyst - FTC - 6 Months,45000,hybrid,GB,['r']
2025,Data Analytics Analyst,45340,onsite,GB,['r']
2025,Data Analyst Assessor,37225,remote,GB,['r']
2025,Data Analyst Skills Coach/Mentor- Apprenticeships Sector,40234,remote,GB,['r']
2025,Data Analyst Assessor,36723,remote,GB,['r']
2025,Reference Data Ops Analyst - Futures (Tier 1 Fund),60353,onsite,GB,['r']
2025,Risk Analyst and Data Gatherer,26000,onsite,GB,['r']
2025,Data and Business Analytics Assistant Manager or Manager - Business Restructuring,39565,onsite,GB,['r']
2025,Risk Analyst and Data Gatherer,26000,onsite,GB,['r']
2025,Web Analyst,50000,onsite,GB,['r']
2025,Senior Data Analyst - Remote position,53004,onsite,GB,['r']
2025,Logistics Analyst,28000,onsite,GB,['r']
2025,"Head of Commercial Analytics , FI Partnerships London",48847,onsite,GB,['r']
2025,Data Architect,62020,onsite,GB,['r']
2025,"Data Analytics Manager, Financial Health",115050,onsite,GB,['r']
2025,Process Optimisation & Data Insights Analyst Intern,33977,onsite,GB,['r']
2025,Sustainability Information Analyst,36398,onsite,GB,['r']
2025,"Analyst, Commercial Strategy",45665,onsite,GB,['r']
2025,Enterprise Data Steward,42460,onsite,GB,['r']
2025,Data Protection Analyst - 12 Month Secondment/Fixed-Term Contract,37116,onsite,GB,['r']
2025,Analytics Engineer,58027,onsite,GB,['r']
2025,Data Engineer,47124,onsite,GB,['r']
2025,Lead Data Engineer,44993,onsite,GB,['r']
2025,Senior Data Analyst - People Science,67149,onsite,GB,"['machine learning', 'r']"
2025,Risk Analyst and Data Gatherer,26000,onsite,GB,['r']
2025,Data Analyst Assessor,37476,remote,GB,['r']
2025,Data Analyst Skills Coach/Mentor- Apprenticeships Sector,40684,remote,GB,['r']
2025,Data Analyst Assessor,37636,remote,GB,['r']
2025,Early Career Consultant (Belfast) - Data Quality Analyst | Financial Services,39402,onsite,GB,"['excel', 'r']"
2025,Digital Analyst,37553,onsite,GB,['r']
2025,Senior Product Designer - Retail Media,46339,onsite,GB,['r']
2025,Senior Product Designer,47857,onsite,GB,['r']
2025,Head of Data,44535,hybrid,GB,['r']
2025,Claims Data Analyst,43008,onsite,GB,['r']
2025,Digital Performance Analyst,50000,hybrid,GB,['r']
2025,Junior Data Analyst,35066,onsite,GB,['r']
2025,Senior BI Analytics Engineer,50278,onsite,GB,['r']
2025,Finance Data Analyst - 6 month FTC,41754,onsite,GB,['r']
2025,Insight Analytics Manager,49772,onsite,GB,['r']
2025,Head of Data Analytics and Data Science,42917,onsite,GB,['r']
2025,Senior Analytics Engineer - Product (f/m/d),94560,onsite,GB,['r']
2025,Data Engineering Associate,46104,onsite,GB,"['python', 'r', 'sql']"
2025,Product Manager - Customer Data,48739,onsite,GB,['r']
2025,Senior Real World Evidence Data Analyst,42549,onsite,GB,['r']
2025,Senior Market Data Analyst - European gas,48669,onsite,GB,['r']
2025,Data Governance Analyst,37114,onsite,GB,['r']
2025,Graduate Insight Analyst,36050,onsite,GB,['r']
2025,Sr. Data Analyst,46425,onsite,GB,['r']
2025,"Strategist, Mindset",51138,onsite,GB,['r']
2025,Senior Product Data Analyst,61546,onsite,GB,['r']
2025,Data Analyst,45000,onsite,GB,['r']
2025,Intelligence Specialist– UK Defence,55000,onsite,GB,['r']
2025,Data Quality & Governance Analyst,37500,onsite,GB,['r']
2025,Data Operations Analyst - Alternatives,51433,onsite,GB,['r']
2025,Asset Data Analyst,43953,hybrid,GB,['r']
2025,French Revenue Management Analyst,32592,hybrid,GB,"['excel', 'r']"
2025,Data Analyst Apprentice,33591,onsite,GB,['r']
2025,Lead Machine Learning Engineer (Computer Vision),75345,onsite,GB,"['excel', 'r']"
2025,Data Analyst,47500,onsite,GB,['r']
2025,Product Analyst,36028,onsite,GB,['r']
2025,Data Analyst,45352,onsite,GB,['r']
2025,"Manager, Product Design",39945,onsite,GB,['r']
2025,"Senior Editor, Fashion Buying (Fixed-Term)",41029,onsite,GB,['r']
2025,Asset Data & Information Specialist,50430,hybrid,GB,['r']
2025,Business Analyst (Data Services & Reporting),39096,onsite,GB,['r']
2025,Degree Apprenticeship - Digital and Technology Solutions Professional (Data Analyst),33151,onsite,GB,['r']
2025,Web Analyst,50000,onsite,GB,['r']
2025,Portfolio Analyst,35000,remote,GB,['r']
2025,Bloomberg Economics - Country Risk Data Analyst (12 Months Contract),53770,onsite,GB,['r']
2025,Senior Data Analyst,55000,onsite,GB,['r']
2025,Technical & Operational Delivery Manager,76821,onsite,GB,['r']
2025,"Principal, Change Lead",77266,onsite,GB,['r']
2025,Head of Data Science and Analytics,49210,onsite,GB,['r']
2025,Navy Command Data Analyst,39392,onsite,GB,['r']
2025,Senior Analytics Engineer - Platform,69371,onsite,GB,['r']
2025,Senior Product Data Analyst,48307,onsite,GB,['r']
2025,Treasury Manager - FX,44058,onsite,GB,['r']
2025,Senior Data Scientist,44361,onsite,GB,['r']
2025,Engineering Lead - Stream Processing,62700,onsite,GB,['r']
2025,Lead Product Analyst,48667,onsite,GB,['r']
2025,Enterprise Data Steward,39904,onsite,GB,['r']
2025,Enterprise Data Steward,37136,onsite,GB,['r']
2025,Senior Analytics Engineer,64335,onsite,GB,"['aws', 'r']"
2025,Senior Data Privacy Analyst,52762,onsite,GB,['r']
2025,Degree Apprenticeship - Digital and Technology Solutions Professional (Data Analyst),32115,onsite,GB,['r']
2025,Bloomberg Economics - Country Risk Data Analyst (12 Months Contract),54437,onsite,GB,['r']
2025,"Business Analyst, QTS Team",49774,onsite,GB,['r']
2025,Graduate Business Intelligence Analyst,20523,onsite,GB,['r']
2025,Data Engineering Associate,40925,onsite,GB,"['python', 'r', 'sql']"
2025,Digital Performance Analyst,36215,onsite,GB,['r']
2025,Digital Performance Analyst,36630,onsite,GB,['r']
2025,Digital Performance Analyst,36866,onsite,GB,['r']
2025,Digital Performance Analyst,38231,onsite,GB,['r']
2025,Digital Performance Analyst,37049,onsite,GB,['r']
2025,Digital Performance Analyst,50000,hybrid,GB,['r']
2025,Senior Business Analyst - Data Warehouse - Asset Management,85000,onsite,GB,['r']
2025,Data Support & Tech Author,54600,onsite,GB,['r']
2025,Principal Data Analytics Software Developer,70000,onsite,GB,['r']
2025,PowerBI Data Analyst,101857,onsite,GB,['r']
2025,Data & AI Strategy Lead,83848,hybrid,GB,['r']
2025,Data Analyst,25000,hybrid,GB,['r']
2025,Data Analyst Skills Coach/Mentor- Apprenticeships Sector,40020,remote,GB,['r']
2025,Senior Data Scientist,48043,onsite,GB,['r']
2025,Data Analyst,55000,onsite,GB,"['excel', 'power bi', 'python', 'r', 'spark', 'sql']"
2025,Data Analyst,45000,remote,GB,['r']
2025,Data Engineer,70000,onsite,GB,['r']
2025,Data Analyst,35000,hybrid,GB,['r']
2025,Senior Business Analyst - Data Warehouse - Asset Management,85000,onsite,GB,['r']
2025,Safeguarding Administration and Data Analyst,32755,onsite,GB,['r']
2025,Data Engineer,75000,onsite,NL,['r']
2025,Data Management consultant,,onsite,NL,['r']
2025,Freelance senior energie coördinator (zzp),,onsite,NL,['r']
2025,Microsoft Purview Developer (ID: 2950),,onsite,NL,['r']
2025,Data Analist,,onsite,NL,['r']
2025,Senior Data Analist,,onsite,NL,['r']
2025,Data Consultant,,onsite,NL,['r']
2025,Data Analist,,onsite,NL,['r']
2025,Senior Data Analist,,onsite,NL,['r']
2025,Data Analist,,onsite,NL,['r']
2025,Senior Data Analist,,onsite,NL,['r']
2025,Data Analist,,onsite,NL,['r']
2025,Data Analist,,onsite,NL,['r']
2025,Data Analist,,onsite,NL,['r']
2025,Senior Data Analist,,onsite,NL,['r']
2025,Data Analist,,onsite,NL,['r']
2025,Senior Data Analist,,onsite,NL,['r']
2025,Senior Data Analist,,onsite,NL,['r']
2025,Senior Data Analist,,onsite,NL,['r']
2025,Senior Data Analist,,onsite,NL,['r']
2025,Data Analist,,onsite,NL,['r']
2025,Data Analist,,onsite,NL,['r']
2025,Data Consultant,,onsite,NL,['r']
2025,Senior Data Analist,,onsite,NL,['r']
2025,Data Consultant,,onsite,NL,['r']
2025,Data Consultant,,onsite,NL,['r']
2025,Data Consultant,,onsite,NL,['r']
2025,Data Analist,,onsite,NL,['r']
2025,Data Analist,,onsite,NL,['r']
2025,Senior Data Analist,,onsite,NL,['r']
2025,Data Analist,,onsite,NL,['r']
2025,Senior Data Analist,,onsite,NL,['r']
2025,Data Consultant,,onsite,NL,['r']
2025,Senior Product Manager - Trading,,onsite,NL,"['excel', 'r']"
2025,Junior Data Steward,,onsite,NL,['r']
2025,Data Analyst (m/w/d),,onsite,NL,['r']
2025,AI Consultant,,hybrid,NL,['r']
2025,Afstudeerstage Data Engineer; Draadloze Distributie Automatisering,,onsite,NL,['r']
2025,Data Scientist Inlichtingen,,onsite,NL,['r']
2025,Data Operations Analist,,onsite,NL,['r']
2025,Data Analyst - IAM (ID: 2945),,onsite,NL,['r']
2025,Hoofd bureau bedrijfsvoering (back office),,onsite,NL,['r']
2025,Senior Data Analist,,onsite,NL,['r']
2025,Senior Data Analist,,onsite,NL,['r']
2025,Senior Data Analist,,onsite,NL,['r']
2025,Senior Data Analist,,onsite,NL,['r']
2025,Senior Data Analist,,onsite,NL,['r']
2025,Data Steward,,onsite,NL,"['azure', 'r']"
2025,Reservist Cyber Officier,,onsite,NL,['r']
2025,Implementatiemanager P&O,,onsite,NL,['r']
2025,Data Analist Parttime,,onsite,NL,['r']
2025,Implementatiemanager P&O,,onsite,NL,['r']
2025,Data Architect,,onsite,NL,['r']
2025,Data-architect,,onsite,NL,['r']
2025,Werkstudent Fleet Support,,onsite,NL,['r']
2025,Business Analyst Intern,,onsite,NL,"['excel', 'r']"
2025,data specialist,53334,onsite,NL,['r']
2025,Senior Data Analyst,,onsite,NL,['r']
2025,Reservist Cyber Officier,,onsite,NL,['r']
2025,Reservist Cyber Onderofficier,,onsite,NL,['r']
2025,Marketeer Senior,,onsite,NL,['r']
2025,ICE CREAM - Global Compliance Manager.,,onsite,NL,['r']
2025,Data Analist Energiemanagement,,onsite,NL,['r']
2025,ALM accelerated data analyst,,onsite,NL,['r']
2025,"Data Analyst for Tribe Digital, Assisted & Customer Interactions",,onsite,NL,['r']
2025,Senior Product Manager - Trading,,onsite,NL,['r']
2025,Data Engineer,,onsite,NL,['r']
2025,Data-analist,78000,onsite,NL,['r']
2025,Manager Operations Analytics,,onsite,NL,['r']
2025,Service & storingscoördinator,,onsite,NL,['r']
2025,Tactical Supply Chain Planner,,onsite,NL,['r']
2025,AI Engineer,,hybrid,NL,['r']
2025,Analytics Lead (NL),,onsite,NL,['r']
2025,Junior Data Analyst,,onsite,NL,['r']
2025,Informatie Analist Data,,onsite,NL,['r']
2025,Data Manager (f/m/d),,onsite,NL,['r']
2025,Senior Data Analyst,,onsite,NL,['r']
2025,Lead Azure Platform Engineer – Team Neptune,,onsite,NL,"['azure', 'r']"
2025,Principal Product Analyst,,onsite,NL,['r']
2025,Non Clinical Data Analyst,,onsite,NL,['r']
2025,Databeheerder waterkwaliteit,,onsite,NL,['r']
2025,Operator procesindustrie,,onsite,NL,['r']
2025,Senior Analytics Engineer,,onsite,NL,"['aws', 'r']"
2025,Data Analist IT,,onsite,NL,['r']
2025,Data Analist Bouw,,onsite,NL,['r']
2025,Senior Business Data Analist / BI Specialist,106200,hybrid,NL,['r']
2025,Demand Data Analyst,,onsite,NL,['r']
2025,UX Researcher - German speaking,,onsite,NL,['r']
2025,Predictive Maintenance Data Analyst,,onsite,NL,['r']
2025,CRO Specialist,,onsite,NL,['r']
2025,Customer Operations Coordinator (NL Base),,onsite,NL,['r']
2025,Product Operations,,onsite,NL,['r']
2025,Projectmanager,,onsite,NL,['r']
2025,Predictive Maintenance Data Analyst,,onsite,NL,['r']
2025,Data Engineer,,onsite,NL,"['machine learning', 'r']"
2025,ETL programmeur,,onsite,NL,['r']
2025,Payment Terms & Supplier Harmonization Lead – Procure to Pay,,onsite,NL,"['excel', 'r']"
2025,Allround Marketeer | vanaf 6 maanden ervaring | vanaf €2500,37200,onsite,NL,['r']
2025,"Data entry employee, permanent position",48620,onsite,NL,['r']
2025,"Data entry employee, permanent position",48620,onsite,NL,['r']
2025,Data entry medewerker,48620,onsite,NL,['r']
2025,Data Analist Energiemanagement,,onsite,NL,['r']
2025,Trainee Audit,,onsite,NL,['r']
2025,SSG Tribe UX Designer - Interaction Design II (Scale 9),,onsite,NL,['r']
2025,Software Engineer - DevOps,173000,onsite,NL,['r']
2025,WB SSG Tribe - Customer Journey Expert (Scale 12),,onsite,NL,['r']
2025,Customer Journey Expert Sustainability Business Lending,,onsite,NL,['r']
2025,Data Pricing Analyst,,hybrid,NL,"['power bi', 'r']"
2025,Data-analist,,onsite,NL,['r']
2025,Power BI Developer,,onsite,NL,"['power bi', 'r']"
2025,Data Engineer Utrecht,,onsite,NL,['r']
2025,Data-analist,,onsite,NL,['r']
2025,Data Scientist / Business Insights - Omgeving Amsterdam,,onsite,NL,['r']
2025,Senior Business Analyst,,hybrid,NL,['r']
2025,Data Engineer,,onsite,NL,['r']
2025,Databeheerder waterkwaliteit,57288,onsite,NL,['r']
2025,CX Data Scientist,,onsite,NL,['r']
2025,Informatie Analist Data,,onsite,NL,['r']
2025,Informatie Analist Data,,onsite,NL,['r']
2025,Senior Data Scientist,,onsite,NL,['r']
2025,Senior data analist,,onsite,NL,['r']
2025,Business Analyst Financial Markets - Market Data,,onsite,NL,['r']
2025,Data engineer | 24 tot 36 uur,,onsite,NL,"['azure', 'power bi', 'python', 'r', 'sql']"
2025,Senior Data Engineer,,onsite,NL,['r']
2025,Business Analyst,,onsite,NL,['r']
2025,Open sollicitatie - Bancaire domein,,hybrid,NL,['r']
2025,Data-analist,,onsite,NL,['r']
2025,IAM Data Analyst,,onsite,NL,['r']
2025,Commercial Business Analyst,,onsite,NL,['r']
2025,Solution Architect (Netwerken),,onsite,NL,['r']
2025,Werkstudent Data Analytics,,onsite,NL,['r']
2025,Senior Data Analyst,,hybrid,NL,"['power bi', 'r']"
2025,Data Pricing Analyst,72500,hybrid,NL,"['power bi', 'r']"
2025,Informatie Analist Data,,onsite,NL,['r']
2025,Medewerker databeheer,42000,onsite,NL,['r']
2025,Data Analyst Application Discovery & Azure Migration,,onsite,NL,"['azure', 'r']"
2025,Data Analist,,onsite,NL,['r']
2025,Data analist,,onsite,NL,['r']
2025,Winkelbeveiliger,,onsite,NL,['r']
2025,Data Consultant,,onsite,NL,['r']
2025,Business Data Analyst,,onsite,NL,"['azure', 'python', 'r', 'sql']"
2025,Business Intelligence Specialist,,onsite,NL,"['r', 'sql', 'tableau']"
2025,Senior Data Analyst,,hybrid,NL,['r']
2025,Data Specialist,,onsite,NL,['r']
2025,Senior Manager Strategy & Transformation Consulting,,onsite,NL,['r']
2025,Senior Manager Strategy & Transformation Consulting,,onsite,NL,['r']
2025,Winkelbeveiliger,,onsite,NL,['r']
2025,Data analist,,onsite,NL,['r']
2025,Data Analist,48000,onsite,NL,['r']
2025,Pricing Specialist Warmte & Koude,,onsite,NL,['r']
2025,Data Specialist,,onsite,NL,['r']
2025,Customer Journey Expert Digital Transformation and CX,,remote,NL,['r']
2025,Business/Data Analyst,,onsite,NL,['r']
2025,Business analist,,onsite,NL,['r']
2025,Software Engineer,,onsite,NL,['r']
2025,Marketing Automation Specialist,,onsite,NL,['r']
2025,Data platform engineer,,onsite,NL,['r']
2025,Business Analyst,,onsite,NL,['r']
2025,Business Analyst,,onsite,NL,['r']
2025,Azure Devops Engineer,78000,onsite,NL,"['azure', 'r']"
2025,Data Analist,,onsite,NL,['r']
2025,Data Analist,,onsite,NL,['r']
2025,Junior Business & Data Analyst - Vastgoed & Projectcontrol,,onsite,NL,['r']
2025,Data Engineer,,onsite,NL,['r']
2025,Reporting Specialist,,onsite,NL,['r']
2025,Data Analist,,onsite,NL,['r']
2025,Productspecialist,,onsite,NL,['r']
2025,Teammanager Data Analyse,,hybrid,NL,['r']
2025,Data Analyst,,onsite,NL,"['r', 'sql', 'tableau']"
2025,Data Analist,,onsite,NL,"['power bi', 'r']"
2025,Donorbase Marketeer,,onsite,NL,['r']
2025,Data Analist & Engineer Hybrid Cloud,66246,hybrid,NL,['r']
2025,Business Intelligence Engineer,,onsite,NL,"['power bi', 'r']"
2025,Coördinator Bedrijfsbureau,,onsite,NL,['r']
2025,Data Analyst,,onsite,NL,['r']
2025,Data Governance Consultant,,onsite,NL,['r']
2025,Data Analist,,onsite,NL,['r']
2025,Data Architect,,onsite,NL,['r']
2025,Data analist,,onsite,NL,['r']
2025,Data Scientist,,onsite,NL,"['machine learning', 'r']"
2025,Analytics Engineer,,onsite,NL,['r']
2025,Product Owner (Data & Analytics),67710,onsite,NL,['r']
2025,Senior Data Scientist,,onsite,NL,['r']
2025,Data Analist,48000,onsite,NL,['r']
2025,Senior Data Analist,,onsite,NL,['r']
2025,Senior Data Engineer,,onsite,NL,['r']
2025,Business Analist,,onsite,NL,"['r', 'sql']"
2025,Product Owner Data Platforms,,onsite,NL,['r']
2025,Product Owner Data Platforms,,onsite,NL,['r']
2025,Data Analist,,onsite,NL,['r']
2025,Data Analist,,onsite,NL,['r']
2025,Data Analist,,onsite,NL,['r']
2025,Security Coördinator high risk,,onsite,NL,['r']
2025,Data Analist,,onsite,NL,['r']
2025,Data Analist,,onsite,NL,['r']
2025,Data Analist,,onsite,NL,['r']
2025,Coördinator Bedrijfsbureau,,onsite,NL,['r']
2025,Data Specialist,,onsite,NL,['r']
2025,Coördinator Bedrijfsbureau,,onsite,NL,['r']
2025,Klinische Data Analist,,onsite,NL,['r']
2025,Head of Business Intelligence & - Control,,onsite,NL,['r']
2025,Data Engineer,,onsite,NL,['r']
2025,Stage Schiphol Media,,onsite,NL,['r']
2025,Beveiliger Twente,,onsite,NL,['r']
2025,Data analist,,onsite,NL,['r']
2025,Beveiliger warehouse,,onsite,NL,['r']
2025,Data analist,,onsite,NL,['r']
2025,Tram conducteur / OV Surveillant Metro met opleiding,,onsite,NL,['r']
2025,Data analist,,onsite,NL,['r']
2025,Mobiel surveillant - beveiliger,,onsite,NL,['r']
2025,Data analist,,onsite,NL,['r']
2025,Security Coördinator high risk,,onsite,NL,['r']
2025,Data Analist (32-36 uur),,onsite,NL,['r']
2025,Intern Data Analyst,,onsite,NL,"['r', 'sql']"
2025,Medior BI Specialist,,onsite,NL,['r']
2025,Marketplace specialist Bol.com,,onsite,NL,['r']
2025,(Senior) Data Engineer,,onsite,NL,['r']
2025,Data Engineer,44130,onsite,NL,['r']
2025,Beveiliger high risk,,onsite,NL,['r']
2025,STA Workload Trafficer | Client Services (CS) Area KYC Operations | Amsterdam/Leeuwarden,,onsite,NL,['r']
2025,Product Analyst,,onsite,NL,['r']
2025,Tram conducteur / OV Surveillant Metro met opleiding,,onsite,NL,['r']
2025,Process Manager,,onsite,NL,['r']
2025,Teamleider ICT,,onsite,NL,['r']
2025,Technisch Product Owner,66792,onsite,NL,['r']
2025,Product Owner Data & Analytics,,onsite,NL,['r']
2025,Content QA Analist,45000,onsite,NL,['r']
2025,Beveiliger high risk,,onsite,NL,['r']
2025,Financial and Reporting Analyst- IT & Data (Temporary),,onsite,NL,['r']
2025,Financial and Planning Data Analyst,,onsite,NL,['r']
2025,Marketing Stagiair(e),,onsite,NL,['r']
2025,Junior Business Intelligence specialist,,onsite,NL,['r']
2025,Join DVT Software Netherlands,,onsite,NL,"['excel', 'r']"
2025,Join DVT Software Netherlands,,onsite,NL,"['excel', 'r']"
2025,Join DVT Software Netherlands,,onsite,NL,"['excel', 'r']"
2025,Join DVT Software Netherlands,,onsite,NL,"['excel', 'r']"
2025,Join DVT Software Netherlands,,onsite,NL,"['excel', 'r']"
2025,Join DVT Software Netherlands,,onsite,NL,"['excel', 'r']"
2025,Join DVT Software Netherlands,,onsite,NL,"['excel', 'r']"
2025,Medior Data Engineer - Telecommunicatie,,onsite,NL,['r']
2025,Data Analyst (Amsterdam),173160,onsite,NL,['r']
2025,Cost Engineer,,onsite,NL,['r']
2025,Senior Data Analist,,onsite,NL,['r']
2025,Meteorologic Forecaster,,onsite,NL,['r']
2025,BI Data Analist,,onsite,NL,['r']
2025,KYC-CDD Analyst,,onsite,NL,['r']
2025,Medior Media Strateeg,,onsite,NL,['r']
2025,Electronic Data Interchange Business Analyst,,onsite,NL,['r']
2025,Data Expert Farm Management Support,,onsite,NL,['r']
2025,Portfoliomanager,,onsite,NL,['r']
2025,Product Data Analyst (f/m/x),,onsite,DE,['r']
2025,Product Data Analyst (f/m/x),,onsite,DE,['r']
2025,Short Term Trader (w/d/m),,onsite,DE,['r']
2025,Data Analyst – Customer Interactions (w/m/d),,onsite,DE,['r']
2025,Data Developer (all genders),,onsite,DE,['r']
2025,Informatiker als Backend Engineer – Azure / Python (m/w/d),,onsite,DE,['r']
2025,Data Analyst (m/w/d),,onsite,DE,['r']
2025,Data Analyst SAS (w/m/d),,onsite,DE,['r']
2025,Data Analyst*in im Investmentdepotgeschäft und Kundenservice (in Voll- oder Teilzeit),,onsite,DE,['r']
2025,Senior Data Product Manager (f/m/d),,onsite,DE,['r']
2025,Versicherungsmathematiker / Aktuar (m/w/d),,onsite,DE,['r']
2025,Praktikant*in Data Analytics/Data Science,,onsite,DE,['r']
2025,Merchandise Planner für die warenwirtschaftliche Planung (gn*),,onsite,DE,['r']
2025,Data Engineer (f/m/x),,onsite,DE,['r']
2025,Data Engineer (f/m/x),,onsite,DE,['r']
2025,Praktikum Business Data Analyst Controlling,,onsite,DE,['r']
2025,Power BI Process & Data Lead (m/w/d),,onsite,DE,['r']
2025,Power BI Process & Data Lead (m/w/d),,onsite,DE,['r']
2025,Clinical Data Analyst,,onsite,DE,['r']
2025,Junior Data Analyst,,onsite,DE,['r']
2025,Data Platform Lead,,onsite,DE,['r']
2025,Senior Data Analyst Insurance (m/w/d),,onsite,DE,['r']
2025,Senior Data Analyst - Senior Consultant (m/w/d),,onsite,DE,['r']
2025,Data Analyst Fulfillment (m/w/d),,onsite,DE,['r']
2025,Junior Data Analyst (m/f/d) Autoteile,,onsite,DE,['r']
2025,Business Analyst (m/w/d) Data Analytics,,onsite,DE,"['r', 'spark']"
2025,Snowflake Datenanalyst (m/w/d),,onsite,DE,"['r', 'spark']"
2025,Logistics Data Analyst,,onsite,DE,['r']
2025,"(Senior) Product Manager - (Logistics, Pricing Efficiency)",,onsite,DE,['r']
2025,Senior Product Designer - B2B,,onsite,DE,['r']
2025,"Business Analyst / Data Product Owner (DIH) (m/w/d) | STBCOR - Business Analysis, Datenbankentwicklung/BI, Produktmanagement, Ingenieur",,onsite,DE,['r']
2025,"Business Analyst / Data Product Owner (DIH) (m/w/d) | STBCOR - Business Analysis, Datenbankentwicklung/BI, Produktmanagement, Ingenieur",,onsite,DE,['r']
2025,"Business Analyst / Data Product Owner (DIH) (m/w/d) | STBCOR - Business Analysis, Datenbankentwicklung/BI, Produktmanagement, Ingenieur",,onsite,DE,['r']
2025,"Business Analyst / Data Product Owner (DIH) (m/w/d) | STBCOR - Business Analysis, Datenbankentwicklung/BI, Produktmanagement, Ingenieur",,onsite,DE,['r']
2025,Analytics Engineer (w/m/d),75000,onsite,DE,"['power bi', 'python', 'r', 'sql', 'tableau']"
2025,Data Analyst Business Intelligence (w/m/d),52500,onsite,DE,"['r', 'tableau']"
2025,Manufacturing/Process Engineer (m/f/d),,onsite,DE,['r']
2025,Power BI Spezialist / Data Analyst (m/w/d) in Bau- und Technikprojekten,,onsite,DE,['r']
2025,DevOps Data Engineer (m/w/d),,onsite,DE,['r']
2025,SAP ABAP Entwickler (m/w/d) in München,87500,onsite,DE,['r']
2025,Marketing Data Analyst (all genders),,onsite,DE,['r']
2025,Senior Data Platform Engineer,,onsite,DE,['r']
2025,Backend Entwickler - Business Intelligence (BI) (m/w/d)*,,onsite,DE,['r']
2025,Data Analyst (Central) (f/m/d),,onsite,DE,['r']
2025,SAP PP Inhouse Consultant (m/w/d) in München,102500,onsite,DE,['r']
2025,Data Scientist / Data Analyst (m/w/d),,onsite,DE,['r']
2025,Junior Data Analyst (m/w/d) mit Schwerpunkt Data Warehouse & ETL,,onsite,DE,['r']
2025,Werkstudent Data Analyst Innovations- & Produktmanagement (m/w/d),,onsite,DE,['r']
2025,Power BI Spezialist / Data Analyst (m/w/d) in Bau- und Technikprojekten,,onsite,DE,['r']
2025,Senior Data Strategist (m/w/d),,onsite,DE,['r']
2025,Analyst Data Management (m/w/d),,onsite,DE,['r']
2025,Data Analyst Fulfillment (m/w/d),,onsite,DE,['r']
2025,Power Metering & Analytics Specialist - EcoStruxure PME,,onsite,DE,['r']
2025,Financial Data Analyst / Reporting / Data Analytics (m/w/d),,onsite,DE,['r']
2025,Financial Data Analyst / Reporting / Data Analytics (m/w/d),,onsite,DE,['r']
2025,Financial Data Analyst / Reporting / Data Analytics (m/w/d),,onsite,DE,['r']
2025,Financial Data Analyst / Reporting / Data Analytics (m/w/d),,onsite,DE,['r']
2025,Financial Data Analyst / Reporting / Data Analytics (m/w/d),,onsite,DE,['r']
2025,Logistics Data Analyst,,onsite,DE,['r']
2025,Data Scientist – TV-Insight (m/w/d) in Salzburg,,onsite,DE,['r']
2025,Senior Product Designer - Acquisition (f/m/d),,onsite,DE,"['excel', 'r']"
2025,Business Intelligence Analyst (all genders),,onsite,DE,['r']
2025,Staff Energy Data Analyst (m/f/d),27950,onsite,DE,['r']
2025,Senior Data Scientist – (w/d/m),,onsite,DE,['r']
2025,Senior Data Analyst - Lounge by Zalando (all genders),,onsite,DE,['r']
2025,Business Intelligence Developer & Data Engineer (m/f/d),,onsite,DE,"['power bi', 'python', 'r', 'spark', 'sql']"
2025,Analyst Data Management (m/w/d),,onsite,DE,['r']
2025,Capacity Planning Manager (All Genders),,onsite,DE,['r']
2025,Business Analyst – Customer Data (m/w/d),,onsite,DE,['r']
2025,Senior Software Engineer - Tracking Data Collection (All Genders),,onsite,DE,['r']
2025,Principal Data Engineer - Data Management (all genders),,onsite,DE,['r']
2025,Principal Product Analyst,,onsite,DE,['r']
2025,Principal Applied Scientist - Lounge (all genders),,onsite,DE,['r']
2025,Data Warehouse Business Analyst:in / Data Modeler,,onsite,DE,['r']
2025,Werkstudent*in (gn) Sales Data Analyst,,onsite,DE,['r']
2025,IT Data-Analystin (a*),,onsite,DE,['r']
2025,SAP Business Analyst Schwerpunkten Master Data & Finance (w/m/d),,onsite,DE,['r']
2025,IT Data-Analystin (a*),,onsite,DE,['r']
2025,Principal Analytics Architect / Engineer (m/w/d),,onsite,DE,['r']
2025,"Snowflake Datenanalysten (m/w/d) - Business Analysis, Ingenieur",,onsite,DE,"['r', 'spark']"
2025,"Snowflake Datenanalysten (m/w/d) - Business Analysis, Ingenieur",,onsite,DE,"['r', 'spark']"
2025,"Snowflake Datenanalyst (m/w/d) - Business Analysis, Ingenieur",,onsite,DE,"['r', 'spark']"
2025,"(Junior) Cloud Engineer (m/w/d) Microsoft Azure - System Engineering / Admin, Ingenieur",,onsite,DE,"['azure', 'r']"
2025,"(Junior) Cloud Engineer (m/w/d) Microsoft Azure - System Engineering / Admin, Ingenieur",,onsite,DE,"['azure', 'r']"
2025,"(Junior) Cloud Engineer (m/w/d) Microsoft Azure - System Engineering / Admin, Ingenieur",,onsite,DE,"['azure', 'r']"
2025,"(Junior) Cloud Engineer (m/w/d) Microsoft Azure - System Engineering / Admin, Ingenieur",,onsite,DE,"['azure', 'r']"
2025,"(Junior) Cloud Engineer (m/w/d) Microsoft Azure - System Engineering / Admin, Ingenieur",,onsite,DE,"['azure', 'r']"
2025,"(Junior) Cloud Engineer (m/w/d) Microsoft Azure - System Engineering / Admin, Ingenieur",,onsite,DE,"['azure', 'r']"
2025,Senior Tech Marketing Manager (all genders),,onsite,DE,['r']
2025,(Senior) Data Analyst (all genders),,onsite,DE,"['r', 'sql', 'tableau']"
2025,Data Analyst / Web-Analyst (m/w/d),,onsite,DE,['r']
2025,Product Analyst (m/f/x),142480,onsite,DE,['r']
2025,Data Analyst (m/f/d),,onsite,DE,['r']
2025,Data Analyst Fulfillment (m/w/d),,onsite,DE,['r']
2025,"Senior Manager, Data Analysis",,onsite,DE,['r']
2025,(Senior) Product Data Analyst,,onsite,DE,['r']
2025,Backend Engineer Data & Compliance (m/f/x),75000,onsite,DE,['r']
2025,"Manager, Marketing Data Analysis",,onsite,DE,['r']
2025,Data Analyst (w/m/d),,onsite,DE,['r']
2025,Senior Analytics Engineer - Product (f/m/d),,onsite,DE,['r']
2025,Content Data Analyst,,onsite,DE,['r']
2025,Senior Product Manager - Berlin,,onsite,DE,['r']
2025,Stellenangebot Werkstudent*in (gn) Sales Data Analyst,,onsite,DE,['r']
2025,(Senior) Product Data Analyst,,onsite,DE,['r']
2025,"Personalcontroller / HR-Analyst (m/w/d) (HR-Data Analyst, HR-Tech Specialist o. ä.)",,onsite,DE,['r']
2025,Werkstudent (d/m/w) im Single-Aisle Manufacturing Engineering Elektrik (d/m/w) (KAMY7),,onsite,DE,['r']
2025,Data Analyst Fulfillment (m/w/d),,onsite,DE,['r']
2025,"Personalcontroller / HR-Analyst (m/w/d) (HR-Data Analyst, HR-Tech Specialist o. ä.)",,onsite,DE,['r']
2025,Werkstudent*in (gn) Sales Data Analyst,,onsite,DE,['r']
2025,Senior Data Product Manager (f/m/d),,onsite,DE,['r']
2025,Data Analyst Security Engineering & Automation (m/w/d),,onsite,DE,['r']
2025,Informatiker als Backend Engineer – Azure / Python (m/w/d),,onsite,DE,['r']
2025,Principal Analytics Architect / Engineer (m/w/d),,onsite,DE,['r']
2025,Short Term Trader (w/d/m),,onsite,DE,['r']
2025,(Junior) Controller (m/w/d),,onsite,DE,['r']
2025,Data Analyst*in im Investmentdepotgeschäft und Kundenservice (in Voll- oder Teilzeit),,onsite,DE,['r']
2025,Data Developer (all genders),,onsite,DE,['r']
2025,Data Analyst SAS (w/m/d),,onsite,DE,['r']
2025,Data Analyst (m/w/d),,onsite,DE,['r']
2025,Werkstudent Data Analyst Innovations- & Produktmanagement (m/w/d),,onsite,DE,['r']
2025,Senior Data Scientist – (w/d/m),,onsite,DE,['r']
2025,Backend Entwickler - Business Intelligence (BI) (m/w/d)*,,onsite,DE,['r']
2025,Kotlin Backend Developer (m/w/d),,onsite,DE,['r']
2025,Staff Energy Data Analyst (m/f/d),107500,onsite,DE,['r']
2025,Senior Data Analyst (m/w/d),,onsite,DE,['r']
2025,Industrial Data Analyst (m/w/d),,onsite,DE,['r']
2025,Business Data Analyst (m/w/d),,onsite,DE,['r']
2025,Senior Data Analyst (m/w/d),,onsite,DE,['r']
2025,"Personalcontroller / HR-Analyst (m/w/d) (HR-Data Analyst, HR-Tech Specialist o. ä.)",,onsite,DE,['r']
2025,"Data Analyst (m/w/d) | DSIANA - Business Analysis, Datenbankentwicklung/BI, Ingenieur",,onsite,DE,['r']
2025,"Data Analyst (m/w/d) | DSIANA - Business Analysis, Datenbankentwicklung/BI, Ingenieur",,onsite,DE,['r']
2025,"PostDoc Business Analyst, Clinical Data AI Processing (all genders) limited until 30.06.2028",,onsite,DE,['r']
2025,Industrial Data Analyst (m/w/d),,onsite,DE,['r']
2025,Stellenangebot Data Analyst (m/w/d) bei CHEFS CULINAR West GmbH & Co. KG,,onsite,DE,['r']
2025,Junior Data Analyst (m/f/d) Autoteile,,onsite,DE,['r']
2025,Stellenangebot Senior Data Scientist (gn) B2C,,onsite,DE,['r']
2025,Analytics Engineer (f/m/d),,onsite,DE,['r']
2025,Data Scientist (f/m/x),,onsite,DE,['r']
2025,Reporting Data Analyst - Engineering (f/m/d),,onsite,DE,"['r', 'tableau']"
2025,"Game Designer, Merge Mansion",,onsite,DE,['r']
2025,Stellenangebot Projekt Manager:in Innovation (m/w/d) bei MEDIAN Unternehmenszentrale Berlin,,onsite,DE,['r']
2025,Ausbildung: Kaufmann (w/m/d) für Digitalisierungsmanagement 2026,,onsite,DE,['r']
2025,Ausbildung Kaufleute für Büromanagement (m/w/d),,onsite,DE,['r']
2025,Senior Data Analyst & Tracking Expert (m/w/d),,onsite,DE,['r']
2025,IT Data Developer (all genders),,onsite,DE,['r']
2025,Senior Data Analyst (m/w/d),,remote,DE,['r']
2025,Werkstudent Data (all genders),,onsite,DE,['r']
2025,Data Analyst Sales & Service Potentials (all genders),,onsite,DE,['r']
2025,Data Analyst Portfolio Insights (all genders),,onsite,DE,['r']
2025,Data Analyst Business Operation Data Transformation (all genders),,onsite,DE,['r']
2025,Senior Marketing Data Analyst:in (all genders),,onsite,DE,['r']
2025,HR Data & Workday Reporting Analyst (x|w|m) - Hybrid,,onsite,DE,['r']
2025,Junior Data Analyst*in (m/w/d) für die Abteilung Marketing,,onsite,DE,"['excel', 'power bi', 'r']"
2025,Data Analyst for External Staff (m/w/d),,onsite,DE,['r']
2025,Senior Backend Node.js Engineer (m/f/d) - BI APP - onsite or remote within the EU,,onsite,DE,['r']
2025,Working Student Commodity Flow Desk Data Analyst d/f/m,,onsite,DE,['r']
2025,Werkstudent (d/m/w) im Single-Aisle Manufacturing Engineering Elektrik (d/m/w) (KAMY7),,onsite,DE,['r']
2025,ECS Account Executive - Germany,,onsite,DE,['r']
2025,Data Analyst (m/f/d) Marketing Insights,,onsite,DE,['r']
2025,Manufacturing/Process Engineer (m/f/d),,onsite,DE,['r']
2025,Manufacturing/Process Engineer (m/f/d),,onsite,DE,['r']
2025,Data Analyst (m/w/d),,onsite,DE,"['r', 'sql']"
2025,Data Analyst (all genders),,onsite,DE,['r']
2025,Working Student Energy Data Analyst (m/w/d),,onsite,DE,['r']
2025,Financial Data Analyst für Zahlungsverkehr und Datenanalyse m/w/d,,onsite,DE,['r']
2025,Senior Software Engineer - Listing Visibility (w/m/d),,onsite,DE,"['machine learning', 'r']"
2025,Product Data Analyst (f/m/x),,onsite,DE,['r']
2025,Product Data Analyst (f/m/x),,onsite,DE,['r']
2025,"Senior Business Intelligence Engineer (Full-Time/Part-Time), EU Consumables Customer Engagement",,onsite,DE,['r']
2025,"PostDoc Business Analyst, Clinical Data AI Processing (all genders) limited until 30.06.2028",,onsite,DE,['r']
2025,Data Analyst,,onsite,DE,['r']
2025,Data Analyst Security Engineering & Automation (m/w/d),,onsite,DE,['r']
2025,Data Analyst Security Engineering & Automation (m/w/d),,onsite,DE,['r']
2025,Data Scientist / Analyst (m/w/d),,onsite,DE,['r']
2025,Data Analyst (m/w/d),,onsite,DE,['r']
2025,German Expert Rater,,remote,DE,['r']
2025,"PostDoc Business Analyst, Clinical Data AI Processing (all genders) limited until 30.06.2028",,onsite,DE,['r']
2025,"Internship, Data Scientist",,onsite,DE,['r']
2025,Data Analyst (m/w/d),,onsite,DE,['r']
2025,HR Data Analyst (m/w/d),,onsite,DE,['r']
2025,Data Analyst (m/w/d) (15/5/2025),,onsite,DE,"['excel', 'power bi', 'r', 'sql']"
2025,GCP Data Engineer,,remote,DE,['r']
2025,Business Analyst für Data Foundation / Configuration Management (m/w/d),,onsite,DE,['r']
2025,Data Scientist / Analyst (m/w/d),,onsite,DE,['r']
2025,"PostDoc Business Analyst, Clinical Data AI Processing (all genders) limited until 30.06.2028",,onsite,DE,['r']
2025,Data Analyst (m/f/x) Customer Success,,onsite,DE,"['excel', 'r']"
2025,Data Analyst (m/w/d),,onsite,DE,['r']
2025,Freiberufliche Data Analysis Mentoren/Tutoren (f/m/d) (Remote),,onsite,DE,['r']
2025,Junior Data Analyst (m/w/d) mit Schwerpunkt Data Warehouse & ETL,,onsite,DE,['r']
2025,Wirtschaftsinformatiker als Data Analyst (m/w/d),,onsite,DE,['r']
2025,Data Analyst - Customer Interactions (w/m/d),,onsite,DE,['r']
2025,Junior Data Analyst (m/w/d) mit Schwerpunkt Data Warehouse & ETL,,onsite,DE,['r']
2025,SAP Transformation Expert,,remote,DE,['r']
2025,Business Analyst – Pricing Data,,onsite,DE,['r']
2025,Business Analyst - Pricing Data,,onsite,DE,['r']
2025,SAP Transformationsexperte,,remote,DE,['r']
2025,Business Analyst Baufinanzierung / Mortgage Focus (m/w/d),,onsite,DE,['r']
2025,Junior Data Analyst (m/w/d) mit Schwerpunkt Data Warehouse & ETL,,onsite,DE,['r']
2025,"Senior Business Data Analyst (m/w/d) - Business Analysis, Datenbankentwicklung/BI, Ingenieur",,onsite,DE,['r']
2025,"Data Analyst Campaigning (w/m/d) - Business Analysis, Datenbankentwicklung/BI, Ingenieur",,onsite,DE,"['aws', 'r']"
2025,"Referent / Data Analyst technisches Reinsurance-Accounting (m/w/d) - Business Analysis, Datenbankentwicklung/BI, Ingenieur",,onsite,DE,['r']
2025,"Business Analyst für Data Foundation / Configuration Management (m/w/d) - Business Analysis, Ingenieur",,onsite,DE,['r']
2025,Controller (m/w/d) Airline Catering,,onsite,DE,['r']
2025,Data & Process Analyst - Sales (m/w/d) - befristet,,onsite,DE,['r']
2025,IT Data-Analystin (a*),,onsite,DE,['r']
2025,Data Analyst (m/w/d),,onsite,DE,['r']
2025,(Senior) Data Engineer,,onsite,DE,"['excel', 'r']"
2025,(Senior) Data Engineer,,onsite,DE,"['excel', 'r']"
2025,Werkstudent Data Analyst Innovations- & Produktmanagement (m/w/d),,onsite,DE,['r']
2025,Advanced Analytics Expert (m/w/d) in Salzburg,,onsite,DE,['r']
2025,(Senior) Data Analyst:in (m/w/d),,onsite,DE,['r']
2025,Senior Tech Marketing Manager (all genders),,onsite,DE,['r']
2025,Data Scientist and Process Mining Architect,,onsite,DE,['r']
2025,"PostDoc Business Analyst, Clinical Data AI Processing (all genders) limited until 30.06.2028",,onsite,DE,['r']
2025,Werkstudent*in Business/ Data Analyst (m/w/d) - remote oder Karlsruhe,,onsite,DE,"['excel', 'python', 'r', 'sql']"
2025,IT Data-Analystin (a*),,onsite,DE,['r']
2025,Business Intelligence Analyst,,onsite,DE,['r']
2025,SAP eBusiness Data Analyst (all gender),,onsite,DE,['r']
2025,Skywise Developer Data Analyst (d/m/w),,onsite,DE,"['machine learning', 'r']"
2025,Data Science Lead,,hybrid,DE,['r']
2025,Data Analyst,,onsite,DE,"['aws', 'machine learning', 'r']"
2025,Senior Data Analyst (m/f/d),,onsite,DE,['r']
2025,Senior Data Architec/ Analyst (m/w/d),,onsite,DE,['r']
2025,Data Analyst Sales & Service Potentials (all genders),,onsite,DE,['r']
2025,Quality Technician / Data Analyst (m/w/d),,onsite,DE,['r']
2025,Data Analyst (m|w|d),,onsite,DE,['r']
2025,Data-Analyst (w/m/d) im E-Commerce,,onsite,DE,['r']
2025,Data Analyst | AI-Verhandlungen (w/m/d),,onsite,DE,['r']
2025,Referent / Data Analyst technisches Reinsurance-Accounting (m/w/d),,onsite,DE,['r']
2025,Data Engineer (m/w/d),,onsite,DE,['r']
2025,Financial Data Analyst (m/w/d) - Compliance,,onsite,DE,['r']
2025,Senior Data Analyst (m/f/d),,onsite,DE,"['power bi', 'r']"
2025,National Account Manager - Healthcare & Life Sciences,,onsite,DE,['r']
2025,Index Analyst/Associate (f/m/d) Equity Index Management,,onsite,DE,['r']
2025,Data Engineer (m/w/d),,onsite,DE,['r']
2025,HR Controller mit Schwerpunkt Data Analytics (m/w/d)/ Data Analyst (m/w/d)/ HR Controller (m/w/d),,onsite,DE,['r']
2025,Working Student Commodity Flow Desk Data Analyst d/f/m,,onsite,DE,['r']
2025,Data & Process Analyst - Sales (m/w/d) - befristet,,onsite,DE,['r']
2025,Data Analyst - HR (m/w/d),,onsite,DE,['r']
2025,Mathematiker als Data Analyst (m/w/d),,onsite,DE,['r']
2025,CRM-Data-Analyst (m/w/d),,onsite,DE,['r']
2025,Senior Business Data Analyst (m/w/d),,onsite,DE,['r']
2025,CRM Data Analyst (m/w/d),,onsite,DE,['r']
2025,Business Analyst (m/f/d) - Investment Data Management,,onsite,DE,['r']
2025,Datenanalyst / Data Analyst - Business Intelligence (m/w/d),,onsite,DE,['r']
2025,Data Scientist (m/w/d) / Analyst Consultant (m/w/d),,onsite,DE,['r']
2025,Business Analyst (m/f/d) – Asset Owner Product Development,,onsite,DE,['r']
2025,E-Commerce Manager (all gender) mit Schwerpunkt Growth & Revenue,,onsite,DE,['r']
2025,(Senior) Data Analyst / Informatiker (m/w/d) als Datenexperte ZSD,,onsite,DE,['r']
2025,Business und Data Analyst (m/w/d),,onsite,DE,['r']
2025,Data Analyst H/F,,onsite,FR,['r']
2025,Senior Product Manager AI H/F,75000,onsite,FR,['r']
2025,H/F Data Analyst Confirmé,,onsite,FR,['r']
2025,Digital Lead Data Scientist,,onsite,FR,['r']
2025,Stage : Consultant Interne Data Analyst - Stage- (F/H),,onsite,FR,['r']
2025,Consultant Senior IA | CDI | F/H - PwC,,onsite,FR,['r']
2025,Chargé FP&A Frais de personnel et Sièges (F/H) en alternance,,onsite,FR,['r']
2025,Data analyst,,onsite,FR,"['machine learning', 'r']"
2025,Data analyst,,onsite,FR,['r']
2025,"Data analyste informatique sénior Python · Dataiku, Tableau /s (IT)",123500,onsite,FR,"['python', 'r', 'tableau']"
2025,Alternance - Analyste Reporting Financier H/F - 24 Mois,,onsite,FR,['r']
2025,Data analyst H/F,109200,onsite,FR,['r']
2025,Data Analyst - Auditeur Interne Laval (53) F/H,,onsite,FR,['r']
2025,Consultant / Consultante Data Analyst - AIX EN PROVENCE F/H,,onsite,FR,['r']
2025,Data Analyst F/H,,onsite,FR,"['power bi', 'r', 'sql']"
2025,Senior Data Analyst F/H,,onsite,FR,"['power bi', 'r']"
2025,Data Analyst F/H,44500,onsite,FR,"['power bi', 'r', 'tableau']"
2025,Data Analyst F/H,47500,onsite,FR,['r']
2025,"Données de support (H/F), cadre, anglais et allemand courant",45000,onsite,FR,['r']
2025,Analyste-Développeur·se ERP en alternance,,onsite,FR,['r']
2025,Data Analyst / Engineer en alternance (H/F),,onsite,FR,['r']
2025,STAGIAIRE ANALYSTE DATA MARKETING (H/F),,onsite,FR,['r']
2025,Chargé d'Etudes Data - Data Analyst H/F,37500,onsite,FR,"['r', 'tableau']"
2025,Business Analyst Data H/F,,onsite,FR,['r']
2025,Alternance - Data Analyst H/F,73992,onsite,FR,['r']
2025,Apprenti Data Analyst H/F,,onsite,FR,"['power bi', 'r', 'tableau']"
2025,Alternance - Data Analyst H/F,73992,onsite,FR,"['excel', 'r', 'tableau']"
2025,Alternant Data H/F,,onsite,FR,['r']
2025,Apprenti Fleet Data Analyst - Programme Tp400 H/F,73992,onsite,FR,['r']
2025,CDD - Chef de Projet Data & Traçabilité Junior H/F,,onsite,FR,['r']
2025,Analyste Data Réglementaire H/F,,onsite,FR,['r']
2025,Data Analyst H/F,,onsite,FR,"['power bi', 'r', 'sql', 'tableau']"
2025,Data Analyst - Spécialisation Web Analytics H/F,,onsite,FR,['r']
2025,Data Engineer Confirmé Databricks H/F,,onsite,FR,['r']
2025,Consultant Junior Data Analyst - Spécialiste Data Quality et Data Gouvernance H/F,,onsite,FR,['r']
2025,Analyste Programmeur MS Bi H/F,,onsite,FR,['r']
2025,Data Analyst - Power Bi - SQL - Python - Tableau - Tableau Prep H/F,,onsite,FR,"['power bi', 'r', 'tableau']"
2025,Chargé d'Etudes Data - Data Analyst H/F,37500,onsite,FR,"['r', 'tableau']"
2025,Data Analyst H/F,,onsite,FR,['r']
2025,Data Analyst et Responsable Planification Support France H/F,,onsite,FR,['r']
2025,CDI - Digital Analyst & Cro - E-Commerce H/F,51000,onsite,FR,['r']
2025,Responsable Pricing Strategique & Operations H/F,73500,onsite,FR,"['excel', 'r']"
2025,Data Analyst Supply Chain,47500,onsite,FR,['r']
2025,DATA Analyst H/F,,onsite,FR,['r']
2025,DATA Analyst H/F,,onsite,FR,['r']
2025,Data Analyst – Spécialisation Web Analytics,,onsite,FR,['r']
2025,Data Analyst - SAP BO BI (H/F),,onsite,FR,['r']
2025,Data Analyst - Power BI / SQL / Python / Tableau / Tableau Prep H/F,,onsite,FR,"['power bi', 'r', 'tableau']"
2025,DATA ANALYST F/H,,onsite,FR,['r']
2025,Data Analyst,,onsite,FR,"['power bi', 'r', 'tableau']"
2025,H/F Data Analyst Confirmé,,onsite,FR,['r']
2025,Alternance (Bac 5) - Data Science / Développement — H/F,,onsite,FR,['r']
2025,Alternance (Bac 5) - Data Science — H/F,,onsite,FR,['r']
2025,Data Analyst & Digital F/H (Apprentissage/Alternance),,onsite,FR,['r']
2025,Senior Data Engineer,,onsite,FR,['r']
2025,[Luxe] | Cloud Data Analyst / Engineer (H/F) PARIS,,onsite,FR,"['azure', 'power bi', 'python', 'r', 'spark', 'sql']"
2025,Data Analyst F/H,,onsite,FR,['r']
2025,Data Analyst Senior,,onsite,FR,['r']
2025,Head of Digital CDD,,onsite,FR,['r']
2025,Data analyst (F/H),,onsite,FR,['r']
2025,Analytics Engineer / Ingénieur BI Avancé,55000,onsite,FR,['r']
2025,Data analyst F/H - Alternance,,onsite,FR,['r']
2025,Stagiaire Data Analyse H/F,,onsite,FR,['r']
2025,Ingénieur Data Senior Data Calculation - H/F,,onsite,FR,['r']
2025,[Luxe/Retail] | Consultant Data Analyst (H/F) PARIS,,onsite,FR,['r']
2025,Data analyst - AXA Santé et Collectives (F/H) - alternance,,onsite,FR,['r']
2025,Data Analyst Environnement [Stage 4 mois minimum],12000,onsite,FR,['r']
2025,Ingénieur Data Senior Data Calculation - H/F,,onsite,FR,['r']
2025,Lead Data Analyst - Product & Marketplace,,onsite,FR,['r']
2025,Analyste Quantitatif Stress Test Credit / IFRS9 et Climat H/F - BNP Paribas - BNP Paribas,,onsite,FR,['r']
2025,Alternance Data analyst - Semur-en-Auxois H/F,,onsite,FR,['r']
2025,Stage : Stagiaire Junior Data Analyst / Junior Data Viz F/H,,onsite,FR,['r']
2025,Data Analyst H/F,50000,onsite,FR,['r']
2025,Data Analyst H/F,40000,onsite,FR,['r']
2025,Product Owner Agile - Anglophone,,onsite,FR,['r']
2025,Chef de projet BI/Tech - H/F - CDI,,onsite,FR,['r']
2025,Freelance Senior Data Analyst - Product - BeReal,,onsite,FR,['r']
2025,STAGE - Assistant Chef de Projets / Data Analyst (H/F),,onsite,FR,['r']
2025,"Audit Director, Supplier Contract Audit - All Genders",,onsite,FR,['r']
2025,ESG Data & Reporting Analyst - Fed Finance Banque de Marché,,onsite,FR,['r']
2025,Data Analyst - Département Conformité H/F,,onsite,FR,['r']
2025,Data Analyste H/F,,onsite,FR,['r']
2025,Alternance - Associé Data Analyst H/F,73992,onsite,FR,['r']
2025,Senior Data Analyst H/F,,onsite,FR,['r']
2025,Data Analyst - International Business Unit Ibu Datahub - CDI H/F,,onsite,FR,['r']
2025,Data Analyst Fr - Ang H/F,,onsite,FR,"['r', 'tableau']"
2025,Product Manager F - N - H H/F,,onsite,FR,['r']
2025,Product Manager Identité F - N - M H/F,,onsite,FR,['r']
2025,Animateur Sécurité Environnement QSE H/F,27500,onsite,FR,['r']
2025,Data Engineer,,onsite,FR,['r']
2025,Data Scientist (H/F),,onsite,FR,['r']
2025,Senior Data Analyst F/H - CDI - Arcueil,,onsite,FR,['r']
2025,Data Analyst,,onsite,FR,['r']
2025,Data analyst,,onsite,FR,['r']
2025,Electronic Data Interchange Business Analyst,,remote,FR,"['excel', 'r']"
2025,Ingénieur Full Stack/Ingénieure Full Stack (H/F),,onsite,FR,['r']
2025,Data Analyst SAS F/H,,onsite,FR,['r']
2025,Data Analyst Supply Chain H/F,45000,onsite,FR,['r']
2025,Chargé(e) d'Administration des Ventes,,onsite,FR,['r']
2025,Senior Business & Regulatory Data Analyst - France,,onsite,FR,['r']
2025,Stage - Analyste décisionnel DATA H/F,,onsite,FR,['r']
2025,Analyste CRM et Ecoute Clients H/F,,onsite,FR,['r']
2025,Analytics Engineer/Data Analyst - CDI,,onsite,FR,['r']
2025,Stagiaire Data Engineer H/F,,onsite,FR,['r']
2025,Data Analyst,,onsite,FR,"['r', 'statistics']"
2025,DATA ANALYST - expert données opérationnelles de pilotage des juridictions (mi-temps),39000,onsite,FR,['r']
2025,IMA GIE - Data analyst EXT H/F,,onsite,FR,['r']
2025,"Senior Data Engineer, Data Solutions",,onsite,FR,['r']
2025,CDI - Chef de projet - Data Analyst (H/F),,onsite,FR,['r']
2025,Product Manager H/F CDI,,onsite,FR,['r']
2025,Data Engineer,,onsite,FR,['r']
2025,"Data Analyst, spécialiste Tableau et Dataiku",,onsite,FR,['r']
2025,Electronic Data Interchange Business Analyst,,remote,FR,"['excel', 'r']"
2025,Data analyst,,onsite,FR,['r']
2025,Senior Data Analyst F/H - CDI - Arcueil,,onsite,FR,['r']
2025,ML Engineer (F/H),,onsite,FR,['r']
2025,Data Analyst,,onsite,FR,['r']
2025,Ingénieur Full Stack/Ingénieure Full Stack (H/F),,onsite,FR,['r']
2025,Stage Business Analyst - Data & Performance RH (H/F),,onsite,FR,['r']
2025,Data ingénieur Senior H/F,,onsite,FR,['r']
2025,Chargé de Pilotage (H/F),,onsite,FR,['r']
2025,Analyste de données,,onsite,FR,"['r', 'tableau']"
2025,Data Engineer Cloud H/F,,onsite,FR,"['aws', 'azure', 'r', 'spark']"
2025,Data Scientist (H/F),,onsite,FR,['r']
2025,Data Engineer,,onsite,FR,['r']
2025,Data analyst Ingénieur Data (H/F),40000,onsite,FR,['r']
2025,Alternance - Data Engineer - HF - 24 mois - BNP Paribas - BNP Paribas,,onsite,FR,['r']
2025,Ingénieur Commercial - Secteur Banque/Finances/Assurances - Inetum Capital Market,,onsite,FR,['r']
2025,Consultant Sénior Data Analyst (H/F) - Forvis Mazars GmbH & Co. KG,,onsite,FR,['r']
2025,Senior Data Product Owner - Reply,,onsite,FR,['r']
2025,Investment data analyst confirmé H/F,,onsite,FR,['r']
2025,Lead Data Analyst - Product & Marketplace,,onsite,FR,['r']
2025,Senior Quantitative Trader - Paris,,onsite,FR,['r']
2025,Senior Product Data Analyst,,onsite,FR,['r']
2025,Lead Gas Analyst,,onsite,FR,['r']
2025,STAGE - Assistant Chef de Projets / Data Analyst (H / F),,onsite,FR,['r']
2025,Head of Customer Success - logiciel SaaS B2B - Transports et mobilité,,onsite,FR,['r']
2025,Lead Data Analyst,,onsite,FR,['r']
2025,Analyste Développeur C# - Tech Lead (H/F),,onsite,FR,['r']
2025,Data Analyst H/F,37500,onsite,FR,"['r', 'tableau']"
2025,Analyste Data - Lutte Contre la Fraude H/F,,onsite,FR,['r']
2025,Alternance - Master Data Analyst - Miage - Siad H/F,73992,onsite,FR,['r']
2025,Ingénieure - Ingénieur Ordo Data Alternance H/F,73992,onsite,FR,"['r', 'tableau']"
2025,Alternance - Ingénieur Data Science - IT H/F,73992,onsite,FR,['r']
2025,Data Analyst H/F,50000,onsite,FR,"['r', 'tableau']"
2025,Développeuse - Développeur Power Bi H/F,,onsite,FR,['r']
2025,Data Analyst Ingénieur Data H/F,37500,onsite,FR,['r']
2025,Data Analyst Montpellier H/F,38000,onsite,FR,['r']
2025,Alternance Data Analyst - Semur-En-Auxois H/F,73992,onsite,FR,['r']
2025,Data Scientist H/F,,onsite,FR,"['machine learning', 'r']"
2025,Data Analyst - Keyrus France H/F,,onsite,FR,['r']
2025,Alternance Data Analyst H/F,73992,onsite,FR,['r']
2025,Chargé d'Administration des Ventes H/F,,onsite,FR,['r']
2025,Data Analyst Performance Alternance H/F,,onsite,FR,['r']
2025,Junior Data Scientist,,onsite,FR,['r']
2025,AI & ML Product Manager,,onsite,FR,['r']
2025,Junior Data Scientist (Apprenticeship) - Dispatch & Fulfillment Supply Chain (f/m/d),,onsite,FR,['r']
2025,Data Analyst (Stage de fin d'études) - Septembre 2025,,onsite,FR,['r']
2025,KERING Data Analyst (stage),,onsite,FR,['r']
2025,Stage - Data Analyst Supply Planning (H/F),,onsite,FR,"['excel', 'r']"
2025,Data analyst,51000,onsite,FR,"['power bi', 'r', 'tableau']"
2025,Alternance - Data Quality Analyst (F/H),,onsite,FR,['r']
2025,Data Manager (remote/freelance),,remote,FR,['r']
2025,Data Science Apprentice,,onsite,FR,['r']
2025,Data & Performance Analyst,37500,onsite,FR,['r']
2025,Junior Data Scientist (Apprenticeship) - Dispatch & Fulfillment Supply Chain (f/m/d),,onsite,FR,['r']
2025,Alternance - Data Scientist (H/F),,onsite,FR,['r']
2025,"Data Analyst (Excel, Power BI, SQL) H/F",42500,onsite,FR,['r']
2025,DGDDI (DG - Réseau 1) Chargé(e) du traitement des données H/F,,onsite,FR,['r']
2025,Junior Internal Communication Assistant Apprenticeship (f/m/d),,onsite,FR,['r']
2025,Analyste CRM et Ecoute Clients H/F,,onsite,FR,['r']
2025,Data Analyst Stagiaire,,onsite,FR,['r']
2025,Data Analyst H/F,,onsite,FR,['r']
2025,APPRENTI(E) - Data Analyste F/H,,onsite,FR,['r']
2025,Junior Data Scientist (Apprenticeship) - Dispatch & Fulfillment Supply Chain (f/m/d),,onsite,FR,['r']
2025,Alternance –Analyste Data & Reporting H/F (F/H/NB),,onsite,FR,['r']
2025,Stage - Analyste décisionnel DATA H/F,,onsite,FR,['r']
2025,Junior Data Analyst (apprenticeship) - Analytics teams (f/m/d),,onsite,FR,['r']
2025,Stage Data Analyst H/F,,onsite,FR,['r']
2025,"Data Analyst (Excel, Power BI, SQL) H/F",42500,onsite,FR,['r']
2025,Junior Data Scientist (Apprenticeship) - Dispatch & Fulfillment Supply Chain (f/m/d),,onsite,FR,['r']
2025,Analyste en Data ESG et climat (analyste d'actifs financiers) F/H,,onsite,FR,['r']
2025,Architecte Data confirmé H/F,,onsite,FR,['r']
2025,APPRENTI DATA Science / Data Architect F/H,,onsite,FR,['r']
2025,Alternance – Data Analyst - Bac4 (38 - Grenoble) - F/H,,onsite,FR,['r']
2025,ALTERNANT - DATA ANALYST H/F,15000,onsite,FR,"['r', 'tableau']"
2025,Stage : Business Analyst CRM et Data F/H,,onsite,FR,['r']
2025,Alternance : Data analyst - AXA Santé et Collectives (F/H) - alternance,,onsite,FR,['r']
2025,Alternance : Alternance Data Analyst CRM,,onsite,FR,['r']
2025,Data analyst (H/F),55000,onsite,FR,['r']
2025,Alternance - Chargé(e) Data & IA (F/H),,onsite,FR,['r']
2025,Responsable Data Gestion Produit H / F,,onsite,FR,['r']
2025,Responsable Data et Gestion Produit F/H,,onsite,FR,['r']
2025,Platforms & Data Product Owner,,onsite,FR,['r']
2025,Directeur administratif et financier (H / F),,onsite,FR,"['excel', 'r']"
2025,Senior Product Owner - Retail,,onsite,FR,['r']
2025,Responsable Data et Gestion Produit F/H,,onsite,FR,['r']
2025,Senior Product Manager - Paris,,onsite,FR,['r']
2025,Senior Product Manager,,onsite,FR,['r']
2025,Manager conseil - Base de données - Banque & Finance - F/H,,onsite,FR,['r']
2025,Product Owner Data ANGLAIS,,onsite,FR,['r']
2025,Stage - Intégration et Pilotage de l'IA documentaire F/H,,onsite,FR,['r']
2025,Responsable Data Gestion Produit H/F,,onsite,FR,['r']
2025,Responsable Data Gestion Produit H/F,,onsite,FR,['r']
2025,Alternance Data analyst H/F - Semur-en-Auxois (F/H),,onsite,FR,['r']
2025,Alternance Assistant Data Analyst - Sèvres (F/H),,onsite,FR,['r']
2025,Manager Data Modèles Risques de crédit F/H,,onsite,FR,['r']
2025,Analyste de données RH F/H,,onsite,FR,['r']
2025,Data Scientist - Analyste développeur F/H,,onsite,FR,"['machine learning', 'r']"
2025,Ingénieur Data Analyst F/H,46500,onsite,FR,['r']
2025,Sales Analyst F/H,40000,onsite,FR,['r']
2025,"Data Analyst (Excel, Power BI, SQL) F/H",42500,onsite,FR,['r']
2025,Analyste fonctionnel FO 365 F/H,50000,onsite,FR,['r']
2025,Data Scientist(e) – CDI Strasbourg F/H,,onsite,FR,['r']
2025,Data Steward / Analyst F/H,,onsite,FR,['r']
2025,"Data Analyst (Excel, Power BI, SQL) F/H",42500,onsite,FR,['r']
2025,Data Analyst Confirmé F/H,69300,onsite,FR,['r']
2025,Alternance Data analyst H/F - Semur-en-Auxois (F/H),,onsite,FR,"['r', 'tableau']"
2025,E-Commerce Manager H/F,,onsite,FR,['r']
2025,Senior Product Data Analyst H/F,,onsite,FR,['r']
2025,Lead Data Analyst - Product & Marketplace H/F,,onsite,FR,['r']
2025,Data Analyst Engineer - Technician - Équipes R&D Eco-Design Trains Tgv H/F,,onsite,FR,['r']
2025,Apprenti Ingénieur Data Analyst H/F,73992,onsite,FR,['r']
2025,Stage - Analyste Décisionnel Data H/F,,onsite,FR,['r']
2025,Business Analyst Risque et Finance H/F,,onsite,FR,['r']
2025,Data Analyst Sas H/F,,onsite,FR,['r']
2025,Data Engineer Expérimenté - Organisme de Garantie H/F,60000,onsite,FR,['r']
2025,Ingénieur Bi - Data Analyst H/F,,onsite,FR,['r']
2025,Data Analyst H/F,47500,onsite,FR,['r']
2025,Data Analyst H/F,44500,onsite,FR,"['power bi', 'r', 'tableau']"
2025,Alternance Assistant Data Analyst - Sèvres H/F,73992,onsite,FR,['r']
2025,Data Analyst - Alternance H/F,,onsite,FR,['r']
2025,Data Analyst H/F,,onsite,FR,['r']
2025,Alternance Data Driven Analyst H/F,21622,onsite,FR,['r']
2025,Data Analyst en Alternance H/F,73992,onsite,FR,['r']
2025,Apprenti·e Data Analyst H/F,73992,onsite,FR,"['r', 'tableau']"
2025,Apprenti Data Analyst H/F,73992,onsite,FR,"['r', 'tableau']"
2025,Alternance Data Analyst H/F,,onsite,FR,"['excel', 'power bi', 'r']"
2025,Alternance - Data Analyst H/F,73992,onsite,FR,['r']
2025,Alternant Data Analyst H/F,73992,onsite,FR,['r']
2025,Apprenti Data Science - Data Architect H/F,73992,onsite,FR,['r']
2025,Alternance - Data Analyst H/F,73992,onsite,FR,['r']
2025,Chef de Projet Data - Business Data Analyst H/F,,onsite,FR,['r']
2025,Data Analyst H/F,,onsite,FR,"['r', 'tableau']"
2025,Agile Master H/F,62500,onsite,FR,['r']
2025,Data & Performance Analyst H/F,,onsite,FR,['r']
2025,Data Scientist H/F,,onsite,FR,"['machine learning', 'r']"
2025,Data Analyst H/F,,onsite,FR,['r']
2025,Data Analyst H/F,37500,onsite,FR,"['r', 'tableau']"
2025,Data Analyst (F/H) en alternance,16800,onsite,FR,['r']
2025,Data Insights Analyst (Hiring Immediately),93797,onsite,US,['r']
2025,Data Architect,107742,onsite,US,['r']
2025,Sr. Software Engineer,66395,onsite,US,"['r', 'sql']"
2025,Lead Data Reporting Analyst,78126,onsite,US,"['r', 'sql']"
2025,"Product Support Analyst Associate - San Diego, CA",33069,onsite,US,['r']
2025,Senior Economist/Project Director,187889,onsite,US,['r']
2025,Data Analyst,62904,onsite,US,['r']
2025,HEALTH INFO MANAGEMENT CORRDINATOR,68369,onsite,US,['r']
2025,Donor and Data Analyst,42826,onsite,US,['r']
2025,"Data Analyst, Quality Engineering",131410,onsite,US,['r']
2025,Senior Data Analyst,126543,onsite,US,['r']
2025,"Director, Cybersecurity Analyst - Data Protection",139193,onsite,US,['r']
2025,Lead Data Reporting Analyst,79170,onsite,US,"['r', 'sql']"
2025,Lead Data Reporting Analyst,77723,onsite,US,"['r', 'sql']"
2025,Lead Data Reporting Analyst,80933,onsite,US,"['r', 'sql']"
2025,Senior Data Analyst,95974,onsite,US,['r']
2025,Data Scientist- VLM (Vision Language Model),137996,onsite,US,"['machine learning', 'r']"
2025,Business Data Analyst,89433,hybrid,US,['r']
2025,Branch Operations Branch Data Analyst,84789,onsite,US,['r']
2025,Data Scientist,100046,hybrid,US,['r']
2025,Lead Data Reporting Analyst,78088,onsite,US,"['r', 'sql']"
2025,Lead Data Reporting Analyst,79052,onsite,US,"['r', 'sql']"
2025,Senior Data Engineer,145660,onsite,US,['r']
2025,Data Analyst,138475,hybrid,US,['r']
2025,Lead Data Reporting Analyst,83181,onsite,US,"['r', 'sql']"
2025,Data Visualization Analyst Summer Intern,86255,onsite,US,['r']
2025,Work from Home - Online Data Analyst,76961,onsite,US,['r']
2025,Enterprise Data Architect,160536,onsite,US,['r']
2025,Scientist II,68353,onsite,US,['r']
2025,Lead Data Reporting Analyst,80765,onsite,US,"['r', 'sql']"
2025,Senior Data Analyst - Credit Risk,96285,onsite,US,['r']
2025,"Laboratory Analyst, Eurofins Built Environment Testing - Folsom, CA",73178,onsite,US,['r']
2025,"Child Development Instructor (Van Nuys, CA)",71803,onsite,US,['r']
2025,Data Governance Analyst,112405,remote,US,['r']
2025,Outreach Worker Supervisor,60960,onsite,US,['r']
2025,"Principal Analyst, Data Science",93434,onsite,US,['r']
2025,Data Analyst,112856,onsite,US,['r']
2025,988 Call Center Data Analyst,43188,onsite,US,['r']
2025,Tableau Data Analyst,118657,onsite,US,"['r', 'tableau']"
2025,Laboratory Analyst,65037,onsite,US,['r']
2025,Senior Software Developer,101999,onsite,US,['r']
2025,CNO Reverse Engineer - Fully Cleared,173509,onsite,US,['r']
2025,Data Analyst,50180,onsite,US,['r']
2025,Accounting & Data Analyst,90183,onsite,US,['r']
2025,Data Analyst,95449,onsite,US,['r']
2025,"Peer Specialist, Harm Reduction",52126,onsite,US,['r']
2025,Active Military Member - Data Analyst Intern (Skillbridge Program),90121,onsite,US,"['excel', 'r']"
2025,Data Analyst / Power Platform Developer,89853,onsite,US,['r']
2025,Senior Principal Data Analyst,75718,onsite,US,['r']
2025,"TEM Asbestos Analyst - Eurofins Built Environment Testing, Tustin, CA",89268,onsite,US,['r']
2025,Payer Analytics Specialist,94710,onsite,US,['r']
2025,Performance/Data Analysts I-IV (Organized Crime Drug Enforcement Task Force),115276,onsite,US,['r']
2025,Power BI Developer,86270,onsite,US,"['power bi', 'r']"
2025,"Transportation Data Analyst, Parcel and Freight",100767,onsite,US,['r']
2025,"Case Manager, Community Site",68970,onsite,US,['r']
2025,Senior Product Data Scientist,143883,onsite,US,['r']
2025,Recovery Analytics Analyst,58679,onsite,US,['r']
2025,Installations Readiness Defense Community Liaison,97389,onsite,US,['r']
2025,Lead Data Reporting Analyst,70370,onsite,US,"['r', 'sql']"
2025,AVP Reporting & Analytics - Digital Growth Marketing,139115,onsite,US,['r']
2025,Test Conductor/Principal Test Conductor - 5660-1,95834,onsite,US,['r']
2025,Branch Operations Branch Data Analyst,85977,onsite,US,['r']
2025,Lead Data Reporting Analyst,82745,onsite,US,"['r', 'sql']"
2025,Business Lead Analyst for Corporate Action Platform- (Hybrid),92570,onsite,US,['r']
2025,Data Analytics Senior Analyst,107457,onsite,US,"['machine learning', 'r']"
2025,Data Quality Analytics and Reporting Lead Analyst - HR Chief Data Office,88778,onsite,US,['r']
2025,Lead Data Reporting Analyst,78901,onsite,US,"['r', 'sql']"
2025,Data Analyst Technical Associate,73962,onsite,US,['r']
2025,"Business Intel Engineer II, Canada Transportation Team",138753,onsite,US,['r']
2025,"Software Development Engineer, Customer Experience and Business Trends",136336,onsite,US,"['aws', 'r']"
2025,Lead Data Reporting Analyst,76744,onsite,US,"['r', 'sql']"
2025,Staff Data Engineer,74715,onsite,US,['r']
2025,"Data Solutions Analyst - Security Master, Pricing & Reporting",127601,hybrid,US,['r']
2025,Data Architect,118314,onsite,US,['r']
2025,Lead Data Reporting Analyst,83542,onsite,US,"['r', 'sql']"
2025,Lead Data Reporting Analyst,78441,onsite,US,"['r', 'sql']"
2025,Sr. Data Engineer,116025,onsite,US,['r']
2025,Casual Technical Professional- OKC,107098,onsite,US,['r']
2025,Branch Operations Branch Data Analyst,85466,onsite,US,['r']
2025,Quantitative & Data Scientist II,151475,onsite,US,['r']
2025,Quantitative & Data Scientist II,171455,onsite,US,['r']
2025,Executive Behavioral Health Director - Remote,54461,onsite,US,['r']
2025,Executive Behavioral Health Director - Remote,56649,onsite,US,['r']
2025,HIIM Data Integrity Analyst,54290,onsite,US,"['aws', 'r']"
2025,Software Application Engineering Manager - Cloud Development,213196,onsite,US,"['excel', 'r']"
2025,Java FullStack Engineer w/react (Hybrid),99819,hybrid,US,['r']
2025,Business Lead Analyst for Corporate Action Platform- (Hybrid),89494,onsite,US,['r']
2025,IT Business Analyst,87792,remote,US,['r']
2025,Lead Data Reporting Analyst,82150,onsite,US,"['r', 'sql']"
2025,Lead Data Reporting Analyst,79305,onsite,US,"['r', 'sql']"
2025,Data Strategy - Information Management Analyst,67234,onsite,US,['r']
2025,Data Analyst - Corporate Controller,92041,onsite,US,['r']
2025,Lead Data Reporting Analyst,88390,onsite,US,"['r', 'sql']"
2025,"Regional Automation Engineer, RME",119153,onsite,US,['r']
2025,Litigation Support Data Analyst/Project Manager,77762,onsite,US,['r']
2025,Lead Data Reporting Analyst,80222,onsite,US,"['r', 'sql']"
2025,Project Administrator - In Office Only,48351,onsite,US,['r']
2025,REMOTE - SQL Data Analyst - Contract,111437,remote,US,"['python', 'r', 'sql']"
2025,Queue Manager,122208,onsite,US,['r']
2025,Sr Project Manager,113391,remote,US,['r']
2025,Advanced Analyst - Trust,160268,onsite,US,['r']
2025,Senior Data Engineer (Python/PySpark/AWS),106473,onsite,US,['r']
2025,Branch Operations Branch Data Analyst,77604,onsite,US,['r']
2025,Designer I,83918,onsite,US,['r']
2025,"Advisor, Master Data Management - Data Architect",148553,onsite,US,['r']
2025,Branch Operations Branch Data Analyst,84713,onsite,US,['r']
2025,Senior Data Scientist - Remote Nationwide,61710,onsite,US,['r']
2025,Geospatial Imagery Analysis Trainer,97657,onsite,US,['r']
2025,CSSP Data Visualization Analyst,65786,onsite,US,['r']
2025,Data & Analytics Engineer,130935,onsite,US,['r']
2025,Snowflake Architect,99685,onsite,US,"['azure', 'r']"
2025,AI Data Engineer,112119,hybrid,US,['r']
2025,Branch Operations Branch Data Analyst,74795,onsite,US,['r']
2025,Lead Data Reporting Analyst,88541,onsite,US,"['r', 'sql']"
2025,Product Data Analyst | Commercial,76380,hybrid,US,['r']
2025,Product Data Analyst | Manufacturing,91487,onsite,US,"['excel', 'r']"
2025,Product Data Analyst | P3,79971,hybrid,US,['r']
2025,Lead Data Reporting Analyst,80471,onsite,US,"['r', 'sql']"
2025,Lead Data Reporting Analyst,81964,onsite,US,"['r', 'sql']"
2025,Lead Data Reporting Analyst,79907,onsite,US,"['r', 'sql']"
2025,Workforce Analytics Lead,91180,onsite,US,['r']
2025,Lead Data Reporting Analyst,76403,onsite,US,"['r', 'sql']"
2025,Lead Data Reporting Analyst,79570,onsite,US,"['r', 'sql']"
2025,Lead Data Reporting Analyst,77913,onsite,US,"['r', 'sql']"
2025,Data & Video Analyst,50354,onsite,US,['r']
2025,Lead Data Reporting Analyst,81322,onsite,US,"['r', 'sql']"
2025,Data & Video Specialist,50831,onsite,US,['r']
2025,Branch Operations Branch Data Analyst,85310,onsite,US,['r']
2025,Branch Operations Branch Data Analyst,72024,onsite,US,['r']
2025,Software Application Engineering Manager - Cloud Development,213410,onsite,US,"['excel', 'r']"
2025,"Sr Data Management Analyst - SAP, data migration tools",131062,hybrid,US,['r']
2025,Sr Data Management Analyst - Informatica (ETL) - Advanced Data Engineer,148499,onsite,US,"['excel', 'r']"
2025,"Sr Data Management Analyst - SAP, data migration tools",128076,hybrid,US,['r']
2025,"Logistics Analyst, FDC Sustainment",77101,onsite,US,['r']
2025,Lead Data Reporting Analyst,82542,onsite,US,"['r', 'sql']"
2025,Sr. Data Liaison,78505,onsite,US,['r']
2025,"Sr Data Management Analyst - SAP, data migration tools",123092,hybrid,US,['r']
2025,Sr Data Management Analyst - Informatica (ETL) - Advanced Data Engineer,139469,onsite,US,"['excel', 'r']"
2025,"Sr Data Management Analyst - SAP, data migration tools",120288,hybrid,US,['r']
2025,Lead Data Reporting Analyst,77523,onsite,US,"['r', 'sql']"
2025,Lead Data Reporting Analyst,81528,onsite,US,"['r', 'sql']"
2025,"Manager, Business Analytics",141709,onsite,US,['r']
2025,Lead Data Reporting Analyst,73064,onsite,US,"['r', 'sql']"
2025,Lead Data Reporting Analyst,79387,onsite,US,"['r', 'sql']"
2025,Lead Data Reporting Analyst,85623,onsite,US,"['r', 'sql']"
2025,Lead Data Reporting Analyst,78239,onsite,US,"['r', 'sql']"
2025,Data Strategy - Information Management Analyst,65727,onsite,US,['r']
2025,Lead Data Reporting Analyst,85021,onsite,US,"['r', 'sql']"
2025,Branch Operations Branch Data Analyst,91365,onsite,US,['r']
2025,"Vice President, Product Marketing",92097,onsite,US,['r']
2025,"Associate Product Manager, Global Personalization",58985,onsite,US,['r']
2025,"Senior Vice President, Data Products",125266,onsite,US,['r']
2025,"Senior Vice President, Digital Platform Analytics",134225,onsite,US,['r']
2025,"Sr. Director, Distribution & Sales Analytics",87727,onsite,US,['r']
2025,"Vice President , Data Products",119673,onsite,US,['r']
2025,Production Support Manager,115579,onsite,US,['r']
2025,Branch Operations Branch Data Analyst,84244,onsite,US,['r']
2025,Microsoft Fabric Data Engineer,85149,onsite,US,"['azure', 'r']"
2025,Senior Master Data Analyst,99426,onsite,US,['r']
2025,Quality Coordinator,58596,onsite,US,['r']
2025,Research Data Scientist – HDSA,95547,onsite,US,['r']
2025,Data Analyst,85934,onsite,US,"['machine learning', 'r']"
2025,Lead Data Reporting Analyst,85097,onsite,US,"['r', 'sql']"
2025,Workforce Analytics Lead,93477,onsite,US,['r']
2025,Power Apps and Dashboard Developer,133525,onsite,US,['r']
2025,Data and Business Systems Analyst,160833,onsite,US,['r']
2025,CIB Lead Data Management Analyst,129589,onsite,US,['r']
2025,Senior Environmental Data Manager,79741,onsite,US,['r']
2025,Lead Data Reporting Analyst,84206,onsite,US,"['r', 'sql']"
2025,Data Management Lead,142361,onsite,US,['r']
2025,Sr Data Analyst,128101,onsite,US,['r']
2025,Senior Benefits Analyst,104372,onsite,US,['r']
2025,Investor Relations Coordinator,141334,onsite,US,['r']
2025,Sr Data Management Analyst - Informatica (ETL) - Advanced Data Engineer,144218,onsite,US,"['excel', 'r']"
2025,Sr Data Management Analyst - Informatica (ETL) - Advanced Data Engineer,146643,onsite,US,"['excel', 'r']"
2025,"Sr Data Management Analyst - SAP, data migration tools",129423,hybrid,US,['r']
2025,Sr Legal Operations Specialist (eDiscovery Analyst),111908,hybrid,US,['r']
2025,"Sr Data Management Analyst - SAP, data migration tools",124383,hybrid,US,['r']
2025,"Sr Data Management Analyst - SAP, data migration tools",127283,hybrid,US,['r']
2025,"Sr Data Management Analyst - SAP, data migration tools",126475,hybrid,US,['r']
2025,Lead Data Reporting Analyst,80162,onsite,US,"['r', 'sql']"
2025,Senior Java Full Stack Developer (Remote),92625,remote,US,['r']
2025,"Manager, Business Analytics",147291,onsite,US,['r']
2025,Lead Java Developer w/AWS (Hybrid),85991,hybrid,US,"['aws', 'r']"
2025,Data Analyst,77308,hybrid,US,['r']
2025,Data Migration Operations Manager,95045,onsite,US,['r']
2025,Business Data Analyst,81369,onsite,US,"['r', 'sql', 'tableau']"
2025,Institutional Research Analyst (aHEO),69044,onsite,US,['r']
2025,Senior Research/Data Analyst,94940,onsite,US,['r']
2025,Enterprise Analytics Outcomes Specialist,75963,onsite,US,['r']
2025,"Student Worker, Data Analyst (Summer)",111534,onsite,US,['r']
2025,Lead Data Reporting Analyst,77762,onsite,US,"['r', 'sql']"
2025,Senior Agronomic Data Analyst,113900,remote,US,['r']
2025,SCITLS SharePoint Administrator,170000,onsite,US,['r']
2025,"Manager, Business Analytics",96450,onsite,US,['r']
2025,"Manager, Business Analytics",96450,onsite,US,['r']
2025,"Director, Enterprise Business Web Strategy",229250,onsite,US,['r']
2025,"Manager, Business Analytics",96450,onsite,US,['r']
2025,Provider Data Management Analyst I,53446,onsite,US,['r']
2025,"Vice President of Data, Research & Professional Education",124424,onsite,US,['r']
2025,Epidemiologist,76893,remote,US,['r']
2025,Senior Lead Big Data Developer,112761,onsite,US,['r']
2025,Data Visualization Manager-Vice President,182876,onsite,US,"['aws', 'excel', 'r']"
2025,"Data Analyst, Data & Analytics COE",127886,onsite,US,"['excel', 'r']"
2025,"Cloud Data Engineer, Specialist",110262,remote,US,['r']
2025,"Cloud Data Engineer, Specialist",102498,remote,US,['r']
2025,"Cloud Data Engineer, Specialist",102177,remote,US,['r']
2025,"Cloud Data Engineer, Specialist",101052,remote,US,['r']
2025,"Cloud Data Engineer, Specialist",104953,remote,US,['r']
2025,"Cloud Data Engineer, Specialist",101011,remote,US,['r']
2025,"Cloud Data Engineer, Specialist",106898,remote,US,['r']
2025,"Cloud Data Engineer, Specialist",100075,remote,US,['r']
2025,"Cloud Data Engineer, Specialist",107795,remote,US,['r']
2025,"Cloud Data Engineer, Specialist",100570,remote,US,['r']
2025,"Cloud Data Engineer, Specialist",102556,remote,US,['r']
2025,"Cloud Data Engineer, Specialist",102033,remote,US,['r']
2025,"Cloud Data Engineer, Specialist",106943,remote,US,['r']
2025,"Cloud Data Engineer, Specialist",104580,remote,US,['r']
2025,"Cloud Data Engineer, Specialist",105702,remote,US,['r']
2025,"Cloud Data Engineer, Specialist",97335,remote,US,['r']
2025,"Cloud Data Engineer, Specialist",100966,remote,US,['r']
2025,"Cloud Data Engineer, Specialist",101049,remote,US,['r']
2025,"Cloud Data Engineer, Specialist",102946,remote,US,['r']
2025,"Cloud Data Engineer, Specialist",103255,remote,US,['r']
2025,"Cloud Data Engineer, Specialist",103823,remote,US,['r']
2025,Business Intelligence/ Data Analyst,101927,onsite,US,"['power bi', 'r', 'sql']"
2025,Senior Systems and Data Analyst,130673,onsite,US,['r']
2025,Armed Security Officer,35577,onsite,US,['r']
2025,Analyst - AI Trainer,86057,onsite,US,['r']
2025,Material Master Data Analyst,80502,onsite,US,['r']
2025,Principal Data/App Engineer (Commercial Excellence- Salesforce),222176,onsite,US,"['excel', 'r']"
2025,Operations Data Strategy and Reporting (ODSR) Data Analyst,87500,onsite,US,['r']
2025,Vice President – IT Infrastructure & Information Security,323404,onsite,US,['r']
2025,Research Data Scientist – HDSA,79790,onsite,US,['r']
2025,Sourcing Specialist,56568,onsite,US,['r']
2025,Program Manager Health Equity,91218,onsite,US,['r']
2025,Senior Lead Big Data Developer,110695,onsite,US,['r']
2025,PowerPlatform Developer,126031,remote,US,['r']
2025,"Behavior Technician, willing to train",48890,onsite,US,['r']
2025,"Behavior Technician, Willing to Train",52882,onsite,US,['r']
2025,"Behavior Technician, Willing to Train",59974,onsite,US,['r']
2025,Registered Behavior Technician,57725,onsite,US,['r']
2025,Senior Analytics Engineer,152675,remote,US,['r']
2025,Sr. Data Liaison,100598,onsite,US,['r']
2025,Sr Data Analyst,120522,onsite,US,['r']
2025,Quant Analytics Associate - Card Acquisitions Forecast & Offers Analytics,127390,onsite,US,['r']
2025,Sr Analyst - Data,68026,onsite,US,['r']
2025,Sr Analyst - Data,74026,onsite,US,['r']
2025,Sr Analyst - Data,70282,onsite,US,['r']
2025,Sr Analyst - Data,73620,onsite,US,['r']
